tick,population,births,deaths,avg_energy,avg_age,groups,neighbor_checks,tick_ms
0,120,0,0,9.6818,10.1211,1,274,9.230
1,120,0,0,9.7636,10.1411,3,276,5.320
2,120,0,0,9.8455,10.1611,5,278,5.415
3,120,0,0,9.9274,10.1811,7,278,6.138
4,120,0,0,10.0093,10.2011,8,278,5.783
5,120,0,0,10.0913,10.2211,8,280,5.363
6,120,0,0,10.1732,10.2411,8,280,7.264
7,120,0,0,10.2552,10.2611,8,280,5.439
8,120,0,0,10.3371,10.2811,8,278,5.712
9,120,0,0,10.4190,10.3011,8,282,7.016
10,120,0,0,10.5010,10.3211,8,282,5.455
11,120,0,0,10.5828,10.3411,8,286,7.092
12,120,0,0,10.6647,10.3611,8,288,12.862
13,120,0,0,10.7465,10.3811,8,286,18.256
14,120,0,0,10.8283,10.4011,8,286,21.282
15,120,0,0,10.9101,10.4211,8,284,7.038
16,120,0,0,10.9919,10.4411,8,282,9.354
17,120,0,0,11.0736,10.4611,8,282,5.558
18,120,0,0,11.1553,10.4811,8,282,5.728
19,120,0,0,11.2370,10.5011,8,280,5.634
20,120,0,0,11.3186,10.5211,8,280,5.575
21,120,0,0,11.4003,10.5411,8,280,9.917
22,120,0,0,11.4818,10.5611,8,280,6.007
23,120,0,0,11.5634,10.5811,8,274,6.388
24,120,0,0,11.6449,10.6011,8,276,7.111
25,120,0,0,11.7264,10.6211,8,278,5.610
26,120,0,0,11.8079,10.6411,8,278,8.514
27,120,0,0,11.8893,10.6611,8,278,5.633
28,120,0,0,11.9707,10.6811,8,282,6.010
29,120,1,1,12.0018,10.5302,9,278,6.096
30,120,1,1,12.0325,10.3790,9,278,5.611
31,120,0,0,12.1131,10.3990,9,282,6.999
32,120,0,0,12.1937,10.4190,9,288,6.327
33,120,1,1,12.2226,10.2688,9,285,5.703
34,120,0,0,12.3032,10.2888,9,274,5.787
35,120,0,0,12.3838,10.3088,9,274,5.686
36,120,0,0,12.4643,10.3288,9,278,13.560
37,120,0,0,12.5448,10.3488,9,278,6.469
38,120,0,0,12.6254,10.3688,10,282,7.565
39,120,0,0,12.7059,10.3888,11,276,6.063
40,120,0,0,12.7865,10.4088,11,274,13.477
41,120,0,0,12.8671,10.4288,11,272,6.267
42,120,0,0,12.9478,10.4488,11,272,7.692
43,120,0,0,13.0284,10.4688,11,274,6.040
44,120,0,0,13.1090,10.4888,11,278,5.908
45,120,0,0,13.1897,10.5088,11,278,7.926
46,120,0,0,13.2703,10.5288,11,276,6.100
47,120,0,0,13.3510,10.5488,10,278,7.800
48,120,0,0,13.4315,10.5688,10,280,5.963
49,120,0,0,13.5114,10.5888,10,274,6.546
50,119,0,1,13.5901,10.5631,10,270,7.228
51,119,0,0,13.6701,10.5831,10,262,5.814
52,119,0,0,13.7500,10.6031,10,264,7.875
53,119,1,1,13.7710,10.4544,10,264,5.911
54,119,0,0,13.8510,10.4744,10,264,6.745
55,119,0,0,13.9310,10.4944,10,262,10.159
56,119,0,0,14.0109,10.5144,10,258,6.296
57,119,0,0,14.0909,10.5344,10,258,6.340
58,119,0,0,14.1715,10.5544,10,256,5.932
59,119,0,0,14.2515,10.5744,10,258,9.314
60,119,0,0,14.3315,10.5944,10,260,19.234
61,119,0,0,14.4115,10.6144,10,260,6.699
62,119,0,0,14.4915,10.6344,10,258,7.748
63,119,0,0,14.5715,10.6544,10,258,5.975
64,119,1,1,14.5880,10.5050,11,260,6.253
65,119,1,1,14.6056,10.3568,11,252,6.320
66,119,0,0,14.6857,10.3768,11,256,5.945
67,119,0,0,14.7655,10.3968,11,252,6.772
68,119,0,0,14.8439,10.4168,11,252,11.630
69,119,0,0,14.9224,10.4368,11,250,7.643
70,119,0,0,15.0009,10.4568,11,250,6.028
71,119,0,0,15.0787,10.4768,11,248,7.946
72,119,2,2,15.0258,10.1590,11,248,6.074
73,119,0,0,15.1036,10.1790,11,244,7.146
74,119,1,1,15.1151,10.0302,11,243,7.101
75,119,0,0,15.1921,10.0502,11,248,6.028
76,119,0,0,15.2692,10.0702,11,252,7.931
77,119,0,0,15.3462,10.0902,11,256,6.441
78,119,0,0,15.4231,10.1102,11,256,6.849
79,120,1,0,15.3036,10.0458,11,262,6.123
80,120,0,0,15.3800,10.0658,11,266,6.330
81,120,0,0,15.4564,10.0858,11,268,8.096
82,120,0,0,15.5327,10.1058,11,268,6.227
83,120,0,0,15.6091,10.1258,11,274,8.220
84,120,0,0,15.6863,10.1458,11,274,6.300
85,120,0,0,15.7634,10.1658,11,278,7.202
86,120,0,0,15.8413,10.1858,11,284,7.385
87,120,0,0,15.9192,10.2058,11,282,6.290
88,120,0,0,15.9964,10.2258,11,284,8.202
89,120,0,0,16.0692,10.2458,11,282,6.412
90,120,0,0,16.1411,10.2658,11,286,8.194
91,120,0,0,16.2130,10.2858,11,290,6.340
92,120,0,0,16.2849,10.3058,11,292,7.503
93,120,0,0,16.3576,10.3258,11,298,7.136
94,120,0,0,16.4303,10.3458,11,298,10.916
95,121,1,0,16.3005,10.2801,11,298,13.392
96,121,1,1,16.3223,10.1345,11,300,8.290
97,121,0,0,16.3965,10.1545,11,300,6.507
98,121,0,0,16.4696,10.1745,11,300,8.406
99,121,0,0,16.5401,10.1945,11,296,6.434
100,121,0,0,16.6105,10.2145,11,296,13.771
101,122,1,0,16.4795,10.1507,11,296,12.488
102,122,0,0,16.5509,10.1707,11,300,6.536
103,122,0,0,16.6216,10.1907,11,302,6.968
104,122,0,0,16.6939,10.2107,11,300,6.507
105,122,0,0,16.7662,10.2307,11,302,7.069
106,123,1,0,16.6365,10.1673,11,304,7.906
107,123,0,0,16.7093,10.1873,11,324,7.080
108,123,0,0,16.7804,10.2073,11,324,8.807
109,123,0,0,16.8495,10.2273,11,322,6.814
110,123,0,0,16.9147,10.2473,11,326,8.752
111,123,0,0,16.9800,10.2673,11,326,6.703
112,123,0,0,17.0452,10.2873,11,328,6.755
113,123,0,0,17.1111,10.3073,11,328,6.659
114,123,0,0,17.1771,10.3273,11,330,6.933
115,124,1,0,17.0394,10.2639,11,330,8.530
116,125,1,0,16.9046,10.2016,12,334,8.967
117,125,0,0,16.9708,10.2216,12,338,7.278
118,126,1,0,16.8377,10.1603,12,334,7.058
119,126,0,0,16.9039,10.1803,12,342,7.458
120,126,0,0,16.9696,10.2003,12,348,6.983
121,127,1,0,16.8381,10.1398,12,348,8.737
122,127,0,0,16.9032,10.1598,12,362,7.016
123,127,0,0,16.9672,10.1798,12,364,8.928
124,127,0,0,17.0308,10.1998,12,362,7.114
125,127,0,0,17.0940,10.2198,12,364,8.842
126,127,0,0,17.1575,10.2398,12,366,14.599
127,127,0,0,17.2202,10.2598,12,364,15.807
128,127,0,0,17.2820,10.2798,12,364,7.492
129,127,0,0,17.3435,10.2998,12,368,7.127
130,128,1,0,17.2064,10.2392,12,370,7.188
131,128,0,0,17.2679,10.2592,12,386,7.047
132,129,1,0,17.1333,10.1995,12,384,15.762
133,129,0,0,17.1941,10.2195,12,400,10.888
134,129,0,0,17.2555,10.2395,12,402,7.188
135,129,0,0,17.3157,10.2595,12,398,9.340
136,129,0,0,17.3758,10.2795,12,398,7.162
137,129,0,0,17.4358,10.2995,12,402,9.492
138,129,0,0,17.4966,10.3195,12,402,7.551
139,129,0,0,17.5573,10.3395,12,406,16.925
140,129,0,0,17.6179,10.3595,12,406,13.607
141,130,1,0,17.4809,10.2997,12,408,12.943
142,130,0,0,17.5412,10.3197,12,420,11.907
143,130,0,0,17.6012,10.3397,12,422,10.973
144,131,1,0,17.4674,10.2806,12,420,13.387
145,131,0,0,17.5307,10.3006,12,436,13.528
146,131,0,0,17.5931,10.3206,12,436,13.933
147,131,0,0,17.6548,10.3406,12,436,12.623
148,131,0,0,17.7152,10.3606,12,440,9.968
149,131,0,0,17.7748,10.3806,12,442,8.065
150,131,0,0,17.8318,10.4006,12,444,13.701
151,131,0,0,17.8897,10.4206,12,444,9.036
152,131,0,0,17.9491,10.4406,12,444,9.186
153,132,1,0,17.8133,10.3814,13,446,8.144
154,133,1,0,17.6792,10.3232,13,448,9.539
155,134,1,0,17.5483,10.2660,13,452,7.777
156,134,0,0,17.6083,10.2860,13,458,7.906
157,134,0,0,17.6688,10.3060,13,460,7.781
158,134,0,0,17.7295,10.3260,13,460,16.158
159,134,0,0,17.7922,10.3460,13,458,8.080
160,134,0,0,17.8539,10.3660,13,456,8.211
161,134,0,0,17.9150,10.3860,13,458,11.302
162,134,0,0,17.9768,10.4060,13,462,17.640
163,135,1,0,17.8439,10.3487,13,468,7.861
164,135,0,0,17.9051,10.3687,13,472,8.451
165,135,0,0,17.9661,10.3887,13,472,7.875
166,135,0,0,18.0267,10.4087,13,474,10.127
167,135,0,0,18.0866,10.4287,13,472,8.620
168,135,0,0,18.1450,10.4487,13,472,9.309
169,135,0,0,18.2021,10.4687,13,470,8.117
170,135,0,0,18.2586,10.4887,13,474,8.390
171,135,0,0,18.3142,10.5087,13,476,8.141
172,135,0,0,18.3698,10.5287,13,482,8.449
173,135,0,0,18.4217,10.5487,13,482,8.061
174,135,0,0,18.4719,10.5687,13,486,7.993
175,135,0,0,18.5226,10.5887,13,486,7.958
176,135,0,0,18.5730,10.6087,13,486,14.973
177,135,0,0,18.6227,10.6287,13,484,11.117
178,135,0,0,18.6716,10.6487,13,488,9.513
179,135,0,0,18.7209,10.6687,13,490,10.620
180,135,0,0,18.7705,10.6887,13,486,13.299
181,135,0,0,18.8198,10.7087,13,492,12.244
182,135,0,0,18.8691,10.7287,13,484,7.819
183,135,0,0,18.9168,10.7487,13,484,10.018
184,135,0,0,18.9658,10.7687,13,488,7.848
185,135,0,0,19.0119,10.7887,13,494,9.854
186,135,0,0,19.0584,10.8087,13,500,7.825
187,135,0,0,19.1054,10.8287,13,496,10.309
188,135,0,0,19.1507,10.8487,13,502,10.706
189,134,0,1,19.3208,10.7949,13,499,17.230
190,134,0,0,19.3661,10.8149,13,500,8.279
191,134,0,0,19.4119,10.8349,13,498,8.192
192,134,0,0,19.4565,10.8549,13,500,8.289
193,134,0,0,19.5011,10.8749,13,502,14.599
194,134,0,0,19.5455,10.8949,13,502,14.776
195,134,0,0,19.5888,10.9149,13,502,7.867
196,134,0,0,19.6327,10.9349,13,506,9.703
197,134,0,0,19.6781,10.9549,13,504,8.610
198,134,0,0,19.7232,10.9749,13,506,9.228
199,134,0,0,19.7697,10.9949,13,506,28.239
200,134,0,0,19.8159,11.0149,13,508,10.088
201,135,1,0,19.6548,10.9532,13,510,8.587
202,135,0,0,19.7011,10.9732,13,516,7.775
203,135,0,0,19.7479,10.9932,13,518,9.753
204,135,0,0,19.7956,11.0132,13,518,8.079
205,135,0,0,19.8439,11.0332,13,516,9.925
206,135,0,0,19.8908,11.0532,13,526,8.007
207,135,0,0,19.9370,11.0732,13,524,9.243
208,135,0,0,19.9830,11.0932,13,530,10.786
209,135,0,0,20.0291,11.1132,13,524,7.978
210,135,0,0,20.0749,11.1332,13,530,8.404
211,135,0,0,20.1184,11.1532,13,530,8.076
212,135,0,0,20.1620,11.1732,13,534,8.045
213,135,0,0,20.2053,11.1932,13,526,7.920
214,135,0,0,20.2500,11.2132,13,526,8.146
215,135,0,0,20.2952,11.2332,13,524,7.918
216,136,1,0,20.1320,11.1704,13,522,8.105
217,136,0,0,20.1769,11.1904,13,524,8.028
218,136,0,0,20.2206,11.2104,13,528,8.320
219,136,0,0,20.2645,11.2304,12,528,8.070
220,136,0,0,20.3068,11.2504,12,526,8.358
221,136,0,0,20.3490,11.2704,12,526,8.301
222,136,0,0,20.3920,11.2904,12,524,8.155
223,136,0,0,20.4339,11.3104,12,522,8.569
224,136,0,0,20.4757,11.3304,12,522,8.206
225,136,0,0,20.5174,11.3504,12,522,8.194
226,136,0,0,20.5605,11.3704,12,520,8.185
227,136,0,0,20.6052,11.3904,12,524,8.356
228,136,0,0,20.6475,11.4104,12,522,8.247
229,136,1,1,20.6331,11.2832,12,518,8.322
230,136,0,0,20.6778,11.3032,12,522,10.093
231,136,0,0,20.7219,11.3232,12,518,8.312
232,136,0,0,20.7662,11.3432,12,520,11.324
233,136,0,0,20.8112,11.3632,12,522,20.909
234,136,0,0,20.8564,11.3832,12,522,8.350
235,137,1,0,20.6902,11.3200,13,520,8.387
236,137,0,0,20.7345,11.3400,13,518,10.606
237,137,0,0,20.7773,11.3600,13,516,8.409
238,137,0,0,20.8205,11.3800,13,514,17.166
239,137,0,0,20.8627,11.4000,13,510,10.829
240,137,0,0,20.9044,11.4200,13,512,8.480
241,137,0,0,20.9430,11.4400,13,512,9.039
242,137,0,0,20.9818,11.4600,13,512,10.078
243,137,0,0,21.0206,11.4800,13,510,8.386
244,137,0,0,21.0598,11.5000,12,508,10.325
245,137,1,1,21.0546,11.3550,12,505,8.406
246,137,0,0,21.0944,11.3750,12,506,10.175
247,137,0,0,21.1336,11.3950,12,508,8.433
248,137,0,0,21.1723,11.4150,12,508,10.166
249,137,0,0,21.2117,11.4350,12,504,10.019
250,137,0,0,21.2524,11.4550,12,504,9.125
251,137,0,0,21.2918,11.4750,12,500,11.082
252,138,1,0,21.1193,11.4117,12,496,8.810
253,138,0,0,21.1596,11.4317,12,518,10.521
254,138,0,0,21.1985,11.4517,12,518,10.547
255,138,0,0,21.2367,11.4717,12,512,8.911
256,139,2,1,21.0213,11.2465,12,503,10.436
257,139,0,0,21.0619,11.2665,12,532,8.582
258,140,1,0,20.8952,11.2059,12,522,10.479
259,140,0,0,20.9371,11.2259,12,534,9.899
260,140,0,0,20.9782,11.2459,12,530,9.443
261,140,0,0,21.0197,11.2659,12,528,9.410
262,140,0,0,21.0611,11.2859,12,530,8.675
263,140,0,0,21.1012,11.3059,12,530,10.740
264,140,0,0,21.1407,11.3259,12,534,8.917
265,140,0,0,21.1795,11.3459,12,538,10.439
266,140,0,0,21.2195,11.3659,12,546,10.838
267,140,0,0,21.2598,11.3859,12,544,8.699
268,140,0,0,21.2994,11.4059,12,534,9.457
269,140,0,0,21.3395,11.4259,12,528,9.073
270,140,0,0,21.3795,11.4459,12,528,10.674
271,140,0,0,21.4195,11.4659,12,528,12.971
272,140,0,0,21.4605,11.4859,12,528,8.703
273,140,0,0,21.5020,11.5059,12,530,9.239
274,140,0,0,21.5428,11.5259,12,530,10.833
275,140,0,0,21.5834,11.5459,12,528,10.149
276,140,0,0,21.6233,11.5659,12,530,9.426
277,142,2,0,21.2449,11.4227,12,532,8.911
278,142,0,0,21.2826,11.4427,12,574,10.984
279,142,0,0,21.3204,11.4627,12,574,8.928
280,142,0,0,21.3593,11.4827,12,572,10.671
281,142,0,0,21.3984,11.5027,12,574,11.238
282,142,0,0,21.4368,11.5227,12,574,9.165
283,143,1,0,21.2686,11.4620,12,568,10.837
284,143,0,0,21.3074,11.4820,12,566,10.086
285,143,0,0,21.3486,11.5020,12,570,10.537
286,143,0,0,21.3888,11.5220,12,570,10.941
287,143,0,0,21.4314,11.5420,12,572,8.958
288,143,0,0,21.4729,11.5620,12,574,11.250
289,143,1,1,21.4678,11.4148,12,573,11.095
290,143,0,0,21.5080,11.4348,12,574,9.131
291,144,1,0,21.3431,11.3753,12,574,11.129
292,144,0,0,21.3835,11.3953,12,592,10.617
293,144,1,1,21.3845,11.2497,12,589,9.881
294,144,0,0,21.4288,11.2697,12,588,13.533
295,144,0,0,21.4746,11.2897,12,592,11.394
296,144,0,0,21.5216,11.3097,12,588,9.393
297,144,0,0,21.5691,11.3297,12,590,11.204
298,144,0,0,21.6177,11.3497,12,590,10.404
299,144,0,0,21.6666,11.3697,12,586,10.104
300,144,0,0,21.7153,11.3897,12,588,11.284
301,144,0,0,21.7641,11.4097,12,592,9.523
302,144,0,0,21.8130,11.4297,12,590,10.961
303,145,1,0,21.6544,11.3708,12,590,11.283
304,145,0,0,21.7015,11.3908,12,602,14.026
305,145,0,0,21.7479,11.4108,12,596,9.396
306,145,0,0,21.7931,11.4308,12,598,10.354
307,145,0,0,21.8376,11.4508,12,596,17.302
308,146,1,0,21.6765,11.3922,12,592,9.672
309,146,0,0,21.7210,11.4122,12,602,9.905
310,146,0,0,21.7650,11.4322,12,600,11.598
311,146,0,0,21.8076,11.4522,12,604,9.444
312,146,0,0,21.8478,11.4722,12,606,9.628
313,146,0,0,21.8888,11.4922,12,604,9.994
314,146,0,0,21.9308,11.5122,12,602,10.762
315,147,1,0,21.7696,11.4537,12,604,14.650
316,147,0,0,21.8124,11.4737,12,632,11.689
317,147,1,1,21.8130,11.3345,12,630,9.502
318,147,0,0,21.8546,11.3545,11,630,9.734
319,147,0,0,21.8962,11.3745,11,630,10.376
320,147,0,0,21.9403,11.3945,11,632,10.805
321,147,0,0,21.9833,11.4145,11,628,10.269
322,147,0,0,22.0261,11.4345,11,634,9.735
323,147,0,0,22.0687,11.4545,11,636,11.558
324,147,0,0,22.1108,11.4745,11,630,11.492
325,147,1,1,22.1120,11.3478,11,626,10.639
326,147,0,0,22.1539,11.3678,11,632,9.767
327,147,0,0,22.1951,11.3878,11,636,9.786
328,147,0,0,22.2359,11.4078,11,636,14.382
329,147,0,0,22.2772,11.4278,11,640,18.815
330,147,0,0,22.3179,11.4478,11,646,10.391
331,147,0,0,22.3579,11.4678,11,646,12.926
332,147,1,1,22.3583,11.3383,11,645,11.752
333,147,0,0,22.4002,11.3583,11,648,9.778
334,147,0,0,22.4387,11.3783,11,646,10.376
335,147,0,0,22.4791,11.3983,11,648,10.843
336,147,0,0,22.5196,11.4183,11,650,10.502
337,147,0,0,22.5607,11.4383,11,650,11.779
338,147,0,0,22.6030,11.4583,11,650,11.085
339,147,0,0,22.6433,11.4783,11,656,10.352
340,147,0,0,22.6812,11.4983,11,658,11.820
341,147,0,0,22.7190,11.5183,11,654,10.845
342,147,0,0,22.7568,11.5383,11,658,21.118
343,147,0,0,22.7951,11.5583,11,660,10.089
344,147,0,0,22.8341,11.5783,11,666,10.167
345,147,0,0,22.8730,11.5983,11,664,11.893
346,147,0,0,22.9103,11.6183,11,666,9.859
347,147,0,0,22.9481,11.6383,11,672,11.640
348,147,0,0,22.9871,11.6583,11,672,10.097
349,147,0,0,23.0248,11.6783,11,666,10.316
350,147,0,0,23.0638,11.6983,11,666,10.324
351,147,0,0,23.1027,11.7183,11,668,11.325
352,147,0,0,23.1418,11.7383,11,668,10.232
353,148,1,0,22.9686,11.6789,11,666,11.811
354,147,0,1,22.9188,11.6923,11,668,11.548
355,147,0,0,22.9566,11.7123,11,670,10.199
356,147,1,1,22.9524,11.5844,11,659,13.896
357,147,1,1,22.9389,11.4673,11,671,16.438
358,147,0,0,22.9777,11.4873,11,672,10.005
359,147,0,0,23.0158,11.5073,11,674,9.796
360,147,2,2,22.9693,11.1905,11,665,10.465
361,147,0,0,23.0055,11.2105,11,672,11.099
362,148,1,0,22.8315,11.1546,11,672,10.664
363,148,0,0,22.8685,11.1746,11,680,11.944
364,148,0,0,22.9066,11.1946,11,674,13.943
365,148,1,1,22.9037,11.0665,11,665,18.598
366,148,0,0,22.9406,11.0865,11,662,11.391
367,148,0,0,22.9772,11.1065,11,658,10.641
368,148,0,0,23.0141,11.1265,11,660,11.811
369,148,0,0,23.0516,11.1465,11,662,11.779
370,148,1,1,23.0481,11.0226,11,658,10.489
371,148,0,0,23.0867,11.0426,11,662,11.940
372,149,1,0,22.9172,10.9884,11,656,10.736
373,149,0,0,22.9572,11.0084,11,658,10.221
374,149,0,0,22.9989,11.0284,11,660,12.049
375,149,0,0,23.0398,11.0484,11,666,12.145
376,149,0,0,23.0813,11.0684,11,676,10.280
377,149,0,0,23.1234,11.0884,11,668,12.145
378,149,1,1,23.1245,10.9422,11,660,13.276
379,149,1,1,23.1223,10.7906,11,661,14.258
380,150,1,0,22.9546,10.7385,11,666,10.205
381,150,0,0,22.9954,10.7585,11,678,11.916
382,150,0,0,23.0348,10.7785,11,674,12.310
383,150,1,1,23.0337,10.6514,11,676,10.405
384,150,0,0,23.0739,10.6714,11,680,10.800
385,150,0,0,23.1140,10.6914,11,676,12.311
386,150,0,0,23.1569,10.7114,11,678,11.165
387,150,0,0,23.1996,10.7314,11,678,11.683
388,150,0,0,23.2407,10.7514,11,680,12.153
389,150,0,0,23.2812,10.7714,11,680,12.878
390,151,1,0,23.1143,10.7199,11,678,10.449
391,151,0,0,23.1539,10.7399,11,684,12.267
392,151,0,0,23.1928,10.7599,11,686,12.233
393,151,1,1,23.1914,10.6216,12,686,11.288
394,151,0,0,23.2299,10.6416,12,690,11.348
395,152,1,0,23.0625,10.5914,12,690,12.191
396,152,0,0,23.0993,10.6114,11,704,15.236
397,153,1,0,22.9329,10.5619,11,706,14.539
398,153,0,0,22.9710,10.5819,11,710,10.418
399,153,0,0,23.0112,10.6019,11,714,11.145
400,153,0,0,23.0523,10.6219,11,710,11.163
401,153,1,1,23.0523,10.5103,11,715,10.458
402,153,0,0,23.0929,10.5303,11,720,12.401
403,153,0,0,23.1323,10.5503,11,718,12.772
404,153,0,0,23.1715,10.5703,11,720,11.446
405,153,0,0,23.2107,10.5903,11,720,11.435
406,153,0,0,23.2512,10.6103,11,718,12.545
407,153,0,0,23.2910,10.6303,11,712,12.644
408,153,0,0,23.3297,10.6503,11,716,10.484
409,153,0,0,23.3701,10.6703,11,720,12.387
410,153,0,0,23.4123,10.6903,11,726,12.471
411,153,0,0,23.4551,10.7103,11,728,12.224
412,153,1,1,23.4568,10.5611,11,731,11.189
413,153,1,1,23.4597,10.4450,11,741,16.366
414,153,1,1,23.4620,10.2982,11,730,11.414
415,153,1,1,23.4660,10.1764,11,739,10.747
416,153,0,0,23.5108,10.1964,11,738,11.308
417,153,0,0,23.5543,10.2164,11,734,12.618
418,154,1,0,23.3919,10.1699,11,736,12.683
419,154,0,0,23.4345,10.1899,11,762,11.620
420,154,0,0,23.4762,10.2099,11,762,12.216
421,154,0,0,23.5185,10.2299,11,758,12.771
422,154,0,0,23.5627,10.2499,11,756,13.555
423,154,0,0,23.6078,10.2699,11,754,23.705
424,154,0,0,23.6528,10.2899,11,762,17.136
425,154,1,1,23.6589,10.1460,11,762,12.804
426,154,2,2,23.6232,9.8752,11,754,12.923
427,154,0,0,23.6681,9.8952,11,764,12.259
428,154,0,0,23.7141,9.9152,11,756,11.646
429,154,0,0,23.7621,9.9352,11,748,12.858
430,154,0,0,23.8099,9.9552,11,758,13.102
431,154,0,0,23.8572,9.9752,11,756,12.607
432,154,0,0,23.9043,9.9952,11,756,11.674
433,155,1,0,23.7443,9.9505,11,754,13.288
434,155,0,0,23.7893,9.9705,11,762,13.058
435,155,0,0,23.8332,9.9905,11,758,12.992
436,156,1,0,23.6744,9.9464,11,752,11.231
437,156,0,0,23.7200,9.9664,11,784,13.136
438,156,1,1,23.7209,9.8569,11,778,13.167
439,156,0,0,23.7652,9.8769,11,786,13.343
440,156,1,1,23.7699,9.7622,11,774,11.686
441,156,0,0,23.8142,9.7822,11,784,12.763
442,156,0,0,23.8589,9.8022,11,786,13.202
443,156,0,0,23.9044,9.8222,11,784,11.272
444,156,0,0,23.9490,9.8422,11,788,11.169
445,156,0,0,23.9932,9.8622,11,786,13.115
446,156,1,1,23.9997,9.7460,11,782,11.204
447,156,0,0,24.0442,9.7660,11,790,13.009
448,157,1,0,23.8831,9.7237,11,788,12.225
449,157,0,0,23.9259,9.7437,11,792,13.243
450,157,0,0,23.9684,9.7637,11,790,11.361
451,157,0,0,24.0113,9.7837,11,788,11.455
452,158,1,0,23.8526,9.7416,11,794,11.682
453,158,0,0,23.8978,9.7616,11,788,13.317
454,158,0,0,23.9431,9.7816,11,784,13.475
455,158,0,0,23.9887,9.8016,11,780,13.391
456,158,0,0,24.0346,9.8216,11,778,11.584
457,158,0,0,24.0816,9.8416,11,780,13.369
458,159,1,0,23.9266,9.7996,11,776,11.838
459,159,0,0,23.9740,9.8196,11,784,11.648
460,159,0,0,24.0209,9.8396,11,784,11.518
461,159,0,0,24.0670,9.8596,11,782,13.401
462,159,0,0,24.1143,9.8796,11,782,14.478
463,160,1,0,23.9592,9.8377,11,782,21.185
464,161,1,0,23.8060,9.7965,11,800,13.228
465,161,0,0,23.8483,9.8165,11,814,11.803
466,161,0,0,23.8906,9.8365,11,808,11.800
467,161,0,0,23.9334,9.8565,11,806,11.621
468,161,0,0,23.9760,9.8765,11,808,17.804
469,162,1,0,23.8216,9.8354,11,806,18.707
470,162,0,0,23.8642,9.8554,11,832,11.899
471,162,0,0,23.9070,9.8754,11,832,18.748
472,162,0,0,23.9504,9.8954,11,832,15.241
473,162,0,0,23.9938,9.9154,11,832,13.734
474,162,0,0,24.0363,9.9354,11,826,13.176
475,162,0,0,24.0787,9.9554,11,826,12.171
476,163,1,0,23.9225,9.9142,11,822,12.924
477,163,0,0,23.9629,9.9342,11,830,16.960
478,163,0,0,24.0049,9.9542,11,830,15.936
479,163,0,0,24.0470,9.9742,11,836,15.801
480,163,1,1,24.0509,9.8675,11,835,13.476
481,163,0,0,24.0940,9.8875,11,832,13.438
482,163,0,0,24.1357,9.9075,11,832,12.549
483,163,0,0,24.1780,9.9275,11,828,11.976
484,163,0,0,24.2211,9.9475,11,834,13.248
485,163,0,0,24.2639,9.9675,11,840,16.474
486,163,1,1,24.2695,9.8172,11,841,12.212
487,164,1,0,24.1149,9.7772,11,838,13.012
488,164,0,0,24.1586,9.7972,11,844,12.179
489,164,0,0,24.2012,9.8172,11,852,13.809
490,164,0,0,24.2448,9.8372,11,854,13.754
491,165,1,0,24.0932,9.7975,11,852,13.674
492,166,1,0,23.9431,9.7583,11,868,11.985
493,166,0,0,23.9871,9.7783,11,870,12.913
494,166,0,0,24.0317,9.7983,11,862,13.524
495,166,0,0,24.0769,9.8183,11,866,12.224
496,168,2,0,23.7402,9.7212,11,858,11.494
497,168,1,1,23.7506,9.6218,11,896,12.012
498,168,0,0,23.7967,9.6418,11,900,12.303
499,168,0,0,23.8427,9.6618,11,894,13.749
500,168,0,0,23.8892,9.6818,11,898,20.264
501,168,0,0,23.9370,9.7018,11,884,14.885
502,168,0,0,23.9851,9.7218,11,888,11.658
503,168,1,1,23.9950,9.6178,11,878,11.742
504,168,0,0,24.0410,9.6378,11,870,13.042
505,169,1,0,23.8978,9.6007,11,870,13.673
506,169,0,0,23.9452,9.6207,11,868,13.832
507,169,1,1,23.9585,9.4878,11,873,12.477
508,169,1,1,23.9717,9.3651,11,877,12.434
509,169,0,0,24.0206,9.3851,11,874,13.753
510,169,2,2,23.9963,9.1629,11,870,11.926
511,169,0,0,24.0463,9.1829,11,878,13.859
512,169,0,0,24.0970,9.2029,11,876,12.354
513,169,0,0,24.1480,9.2229,11,880,13.155
514,170,1,0,24.0107,9.1885,11,878,20.288
515,170,0,0,24.0625,9.2085,10,890,25.289
516,170,0,0,24.1134,9.2285,10,890,14.254
517,170,0,0,24.1633,9.2485,9,876,13.140
518,170,0,0,24.2120,9.2685,9,866,14.558
519,170,0,0,24.2602,9.2885,9,870,12.010
520,170,0,0,24.3088,9.3085,9,862,13.101
521,170,0,0,24.3588,9.3285,9,868,25.255
522,170,0,0,24.4090,9.3485,9,860,13.858
523,170,0,0,24.4588,9.3685,9,858,12.084
524,170,0,0,24.5092,9.3885,9,860,14.083
525,170,1,1,24.5229,9.2372,9,851,14.384
526,170,0,0,24.5729,9.2572,9,846,14.215
527,170,0,0,24.6241,9.2772,9,838,12.830
528,170,0,0,24.6741,9.2972,9,842,13.342
529,170,0,0,24.7239,9.3172,9,846,14.286
530,170,0,0,24.7735,9.3372,9,848,14.066
531,170,0,0,24.8243,9.3572,9,846,14.419
532,170,1,1,24.8394,9.2507,9,845,12.409
533,170,0,0,24.8904,9.2707,9,838,12.189
534,170,0,0,24.9418,9.2907,9,826,12.399
535,171,1,0,24.8019,9.2562,9,826,14.479
536,172,1,0,24.6646,9.2223,9,822,15.306
537,172,2,2,24.6468,8.9987,9,824,14.936
538,172,0,0,24.7037,9.0187,9,822,14.166
539,172,0,0,24.7608,9.0387,9,814,13.199
540,172,0,0,24.8177,9.0587,9,810,24.497
541,172,0,0,24.8754,9.0787,9,806,14.382
542,172,0,0,24.9339,9.0987,9,800,14.509
543,172,0,0,24.9937,9.1187,9,796,12.513
544,172,0,0,25.0531,9.1387,9,794,15.691
545,172,0,0,25.1131,9.1587,9,788,20.197
546,172,0,0,25.1725,9.1787,9,786,12.844
547,172,0,0,25.2317,9.1987,9,782,14.390
548,172,0,0,25.2910,9.2187,9,786,14.362
549,172,0,0,25.3529,9.2387,9,788,14.648
550,172,0,0,25.4157,9.2587,9,796,12.619
551,172,0,0,25.4774,9.2787,9,790,12.431
552,172,0,0,25.5397,9.2987,9,788,12.797
553,172,0,0,25.6021,9.3187,9,784,14.459
554,172,0,0,25.6654,9.3387,9,790,14.661
555,172,0,0,25.7286,9.3587,9,786,14.455
556,172,0,0,25.7906,9.3787,9,782,17.076
557,172,0,0,25.8513,9.3987,9,774,14.670
558,172,0,0,25.9119,9.4187,9,770,22.513
559,172,0,0,25.9711,9.4387,9,772,17.617
560,172,0,0,26.0286,9.4587,9,770,14.423
561,172,0,0,26.0851,9.4787,9,764,13.270
562,172,1,1,26.1057,9.3709,9,757,14.452
563,172,0,0,26.1618,9.3909,9,754,13.997
564,172,0,0,26.2189,9.4109,9,754,12.815
565,173,1,0,26.0777,9.3764,9,752,14.520
566,173,1,1,26.0986,9.2312,9,756,14.421
567,173,0,0,26.1558,9.2512,9,762,20.153
568,174,1,0,26.0185,9.2180,9,770,15.872
569,174,0,0,26.0786,9.2380,9,776,14.765
570,174,1,1,26.1022,9.1109,9,771,14.504
571,174,0,0,26.1612,9.1309,9,768,14.681
572,174,0,0,26.2202,9.1509,9,766,15.607
573,174,0,0,26.2796,9.1709,9,756,12.939
574,175,1,0,26.1436,9.1383,9,758,13.644
575,175,0,0,26.2033,9.1583,9,762,14.188
576,176,1,0,26.0686,9.1262,9,762,14.603
577,176,0,0,26.1277,9.1462,9,776,14.595
578,176,0,0,26.1868,9.1662,9,772,14.815
579,178,2,0,25.8601,9.0830,9,768,14.867
580,178,0,0,25.9183,9.1030,9,772,14.992
581,178,0,0,25.9767,9.1230,9,780,14.736
582,178,0,0,26.0360,9.1430,9,778,22.103
583,179,1,0,25.9036,9.1118,9,774,13.264
584,179,0,0,25.9620,9.1318,9,786,13.095
585,179,1,1,25.9874,9.0299,9,772,12.933
586,179,0,0,26.0455,9.0499,9,782,19.159
587,179,0,0,26.1044,9.0699,9,780,14.030
588,179,0,0,26.1637,9.0899,9,782,13.161
589,179,0,0,26.2231,9.1099,9,784,13.299
590,179,0,0,26.2826,9.1299,9,780,13.714
591,179,0,0,26.3423,9.1499,9,784,15.268
592,179,0,0,26.4027,9.1699,9,780,13.189
593,179,0,0,26.4628,9.1899,9,792,13.014
594,179,0,0,26.5226,9.2099,9,794,16.925
595,180,1,0,26.3904,9.1786,9,800,15.248
596,180,0,0,26.4513,9.1986,9,824,15.229
597,180,0,0,26.5133,9.2186,9,816,17.800
598,180,0,0,26.5749,9.2386,9,818,15.610
599,180,0,0,26.6356,9.2586,9,816,15.634
