tick,population,births,deaths,avgEnergy,avgAge,groups,neighborChecks,tickDurationMs
0,120,0,0,9.7348585,0.033333313,4,160,13.41
1,120,0,0,9.869796,0.066666625,4,158,0.572
2,120,0,0,10.004763,0.100000076,4,158,0.5282
3,120,0,0,10.139756,0.13333325,4,156,0.5262
4,120,0,0,10.274719,0.16666664,4,156,0.519
5,120,0,0,10.409663,0.20000015,4,154,0.5277
6,120,0,0,10.544506,0.23333348,4,154,0.5323
7,120,0,0,10.67919,0.2666665,4,156,0.5506
8,120,0,0,10.813851,0.29999965,4,150,0.5854
9,120,0,0,10.948456,0.33333328,4,146,0.5873
10,120,0,0,11.08305,0.36666626,4,142,0.5957
11,120,0,0,11.217614,0.4000003,4,138,0.6031
12,120,0,0,11.3521595,0.43333346,4,134,0.6392
13,120,0,0,11.486632,0.46666697,4,134,0.6471
14,120,0,0,11.620947,0.5,4,140,0.7114
15,120,0,0,11.755199,0.533333,4,140,0.7229
16,120,0,0,11.889312,0.56666636,4,146,0.729
17,120,0,0,12.023556,0.5999993,4,134,0.8515
18,120,0,0,12.157741,0.63333374,4,136,0.7438
19,120,0,0,12.291864,0.66666657,4,138,0.7876
20,120,0,0,12.425967,0.6999997,4,138,0.9037
21,120,0,0,12.560243,0.7333325,4,124,0.9514
22,120,0,0,12.694592,0.7666676,4,118,0.7533
23,120,0,0,12.828868,0.80000097,4,122,0.7305
24,120,0,0,12.96323,0.833334,4,116,0.7058
25,120,0,0,13.097636,0.8666681,4,112,0.7091
26,120,0,0,13.23208,0.9000011,4,108,0.7259
27,120,0,0,13.366677,0.93333423,4,98,0.7254
28,120,0,0,13.501292,0.9666671,4,96,0.7529
29,120,0,0,13.635909,1.0000001,4,96,0.7231
30,120,0,0,13.770666,1.033333,4,88,0.7285
31,120,0,0,13.905507,1.066666,4,86,0.7476
32,120,0,0,14.04038,1.0999991,4,86,0.7214
33,120,0,0,14.1753645,1.1333327,4,80,0.7152
34,120,0,0,14.3104515,1.1666662,4,74,0.7186
35,120,0,0,14.445588,1.1999986,4,72,0.7393
36,120,0,0,14.580794,1.2333324,4,68,0.7288
37,120,0,0,14.716045,1.2666675,4,66,0.7334
38,120,0,0,14.851292,1.3000015,4,66,1.0236
39,120,0,0,14.986649,1.3333331,4,60,0.9133
40,120,0,0,15.121969,1.3666675,4,64,1.0169
41,120,0,0,15.257309,1.3999994,4,64,1.1015
42,120,0,0,15.392659,1.433334,4,64,1.22
43,120,0,0,15.527996,1.466665,4,66,0.8253
44,120,0,0,15.663343,1.4999999,4,66,0.8312
45,120,0,0,15.798741,1.5333352,4,64,0.7897
46,120,0,0,15.934279,1.5666658,4,56,0.788
47,120,0,0,16.069809,1.6000012,4,58,0.78
48,120,0,0,16.205364,1.6333317,4,58,0.7787
49,120,0,0,16.340939,1.6666678,4,58,0.8253
50,120,0,0,16.476568,1.699998,4,56,0.7867
51,120,0,0,16.612202,1.7333338,4,56,0.8303
52,120,0,0,16.747746,1.7666638,4,64,0.8554
53,120,0,0,16.872593,1.8000019,4,64,0.8123
54,120,0,0,16.994331,1.8333317,4,68,0.8463
55,120,0,0,17.116005,1.8666679,4,72,0.8039
56,120,0,0,17.237715,1.8999974,4,70,0.8265
57,120,0,0,17.359459,1.9333341,4,68,0.8179
58,120,0,0,17.48126,1.9666635,4,64,0.8243
59,120,0,0,17.60301,1.9999999,4,66,1.0427
60,120,0,0,17.724758,2.0333292,4,66,1.9492
61,120,0,0,17.845503,2.066666,4,66,1.0396
62,120,0,0,17.963732,2.1000023,4,66,0.9395
63,120,0,0,18.081627,2.1333315,4,68,0.9309
64,120,0,0,18.199492,2.166668,4,68,0.9394
65,120,0,0,18.317385,2.1999981,4,64,1.0246
66,120,0,0,18.435204,2.2333345,4,68,1.0623
67,120,0,0,18.553267,2.2666636,4,68,0.9365
68,120,0,0,18.670105,2.300001,4,66,0.9172
69,120,0,0,18.783606,2.3333323,4,66,0.9164
70,120,0,0,18.896587,2.3666677,4,72,0.8771
71,120,0,0,19.009317,2.3999968,4,70,0.8696
72,120,0,0,19.122068,2.4333322,4,68,0.8724
73,120,0,0,19.23563,2.4666646,4,68,0.9198
74,120,0,0,19.348742,2.4999998,4,68,0.9215
75,120,0,0,19.462189,2.5333285,4,62,1.0504
76,120,0,0,19.575155,2.566663,4,66,1.2806
77,120,0,0,19.687944,2.600003,4,66,1.0898
78,120,0,0,19.800257,2.6333315,4,68,0.9514
79,120,0,0,19.911356,2.6666656,4,72,1.2908
80,120,0,0,20.019062,2.7000005,4,72,1.0257
81,120,0,0,20.126223,2.7333348,4,74,0.9369
82,120,0,0,20.233288,2.7666633,4,88,0.9312
83,120,0,0,20.340612,2.799997,4,82,0.9239
84,120,0,0,20.44744,2.8333328,4,82,0.9987
85,120,0,0,20.55305,2.866668,4,84,0.9951
86,120,0,0,20.658216,2.8999963,4,80,1.4031
87,120,0,0,20.762014,2.9333298,4,84,0.9304
88,120,0,0,20.863848,2.9666665,4,90,0.9318
89,120,0,0,20.96647,2.9999998,4,88,0.9357
90,120,0,0,21.06914,3.033328,4,90,0.9979
91,120,0,0,21.174147,3.066661,4,96,1.0105
92,120,0,0,21.279152,3.1000032,4,92,1.0901
93,120,0,0,21.38026,3.1333315,4,88,1.2846
94,120,0,0,21.479795,3.1666641,4,88,0.9697
95,120,0,0,21.581339,3.2000022,4,88,0.957
96,120,0,0,21.68015,3.233335,4,92,0.9645
97,120,0,0,21.780447,3.266663,4,92,1.001
98,120,0,0,21.881046,3.2999957,4,86,1.016
99,120,0,0,21.984514,3.3333344,4,86,0.9671
100,120,0,0,22.090412,3.366668,4,86,1.0058
101,120,0,0,22.197472,3.3999956,4,88,1.0202
102,120,0,0,22.30691,3.433328,4,92,0.9979
103,120,0,0,22.41639,3.4666674,4,84,1.0386
104,120,0,0,22.52376,3.4999998,4,82,0.9889
105,120,0,0,22.631298,3.5333276,4,84,1.1147
106,120,0,0,22.739206,3.5666592,4,92,1.0767
107,120,0,0,22.850725,3.5999992,4,98,1.1373
108,120,0,0,22.959421,3.6333313,4,96,1.1888
109,120,0,0,23.066107,3.6666632,4,96,1.1152
110,120,0,0,23.172585,3.7000036,4,88,1.0424
111,120,0,0,23.281828,3.7333353,4,96,1.0888
112,120,0,0,23.390036,3.7666628,4,98,1.074
113,120,0,0,23.497276,3.7999947,4,96,1.0663
114,120,0,0,23.604733,3.8333356,4,98,1.047
115,120,0,0,23.712675,3.866667,4,100,1.111
116,120,0,0,23.819986,3.8999944,4,102,1.0578
117,120,0,0,23.92596,3.933327,4,104,1.0924
118,120,0,0,24.032003,3.9666681,4,106,1.0717
119,120,0,0,24.136858,3.9999995,4,104,1.1239
120,120,0,0,24.239246,4.033327,4,106,1.089
121,120,0,0,24.339205,4.0666585,4,108,1.0644
122,120,0,0,24.439392,4.1,4,106,1.1794
123,120,0,0,24.537588,4.133331,4,104,1.2957
124,120,0,0,24.636908,4.1666584,4,98,1.1939
125,120,0,0,24.735533,4.2000046,4,94,1.0979
126,120,0,0,24.831427,4.2333355,4,96,1.1099
127,120,0,0,24.926863,4.266663,4,94,1.0767
128,120,0,0,25.022457,4.299994,4,98,1.1127
129,120,0,0,25.117094,4.333336,4,100,1.0715
130,120,0,0,25.211357,4.366667,4,100,1.1435
131,120,0,0,25.306448,4.3999953,4,96,1.1663
132,120,0,0,25.403904,4.433327,4,98,1.1756
133,120,0,0,25.50162,4.4666686,4,104,1.5483
134,120,0,0,25.598597,4.4999995,4,110,1.2529
135,120,0,0,25.693407,4.5333266,4,110,1.2414
136,120,0,0,25.786898,4.5666575,4,110,1.3104
137,120,0,0,25.880074,4.5999985,4,106,1.4001
138,120,0,0,25.97436,4.633329,4,110,1.2271
139,120,0,0,26.068539,4.6666613,4,112,1.2521
140,120,0,0,26.161633,4.700005,4,114,1.2347
141,120,0,0,26.256878,4.7333355,4,114,1.2822
142,120,0,0,26.354488,4.766663,4,108,1.3123
143,120,0,0,26.451038,4.7999935,4,120,1.3143
144,120,0,0,26.548435,4.8333335,4,122,1.6829
145,120,0,0,26.64709,4.8666635,4,118,1.5409
146,120,0,0,26.744272,4.8999987,4,118,1.2154
147,120,0,0,26.84101,4.9333286,4,116,1.2449
148,120,0,0,26.938242,4.9666686,4,114,1.3636
149,120,0,0,27.03457,4.9999995,4,114,1.4879
150,120,0,0,27.130198,5.0333266,4,120,1.2376
151,120,0,0,27.224607,5.0666566,4,122,1.1603
152,120,0,0,27.318968,5.0999966,4,120,1.3129
153,120,0,0,27.414492,5.1333256,4,120,1.3428
154,120,0,0,27.512001,5.166663,4,122,1.2929
155,120,0,0,27.60983,5.1999936,4,122,1.1795
156,120,0,0,27.706913,5.233336,4,120,1.2519
157,120,0,0,27.80476,5.266663,4,120,1.3452
158,120,0,0,27.90254,5.2999926,4,118,1.2423
159,120,0,0,28.002632,5.333331,4,116,1.1809
160,120,0,0,28.106195,5.366661,4,120,1.2004
161,120,0,0,28.20981,5.400001,4,122,1.3104
162,120,0,0,28.315823,5.43333,4,124,1.2758
163,120,0,0,28.4198,5.466669,4,126,1.5747
164,120,0,0,28.52046,5.4999995,4,130,1.2737
165,120,0,0,28.62027,5.5333266,4,136,1.2439
166,120,0,0,28.720816,5.566656,4,126,1.222
167,120,0,0,28.823353,5.599994,4,120,1.3284
168,120,0,0,28.925285,5.6333237,4,118,1.4669
169,120,0,0,29.025673,5.6666656,4,124,1.4017
170,120,0,0,29.124775,5.699995,4,120,1.3411
171,120,0,0,29.220478,5.7333326,4,110,1.3455
172,120,0,0,29.31475,5.7666626,4,118,1.2886
173,120,0,0,29.407623,5.7999926,4,114,1.3965
174,120,0,0,29.502924,5.8333297,4,116,1.4374
175,120,0,0,29.602896,5.866659,4,116,1.4035
176,120,0,0,29.704369,5.9000025,4,112,1.3616
177,120,0,0,29.804928,5.933332,4,116,1.3986
178,120,0,0,29.904985,5.9666696,4,118,1.415
179,120,0,0,30.005054,5.999999,4,114,1.5432
180,120,0,0,30.106195,6.0333257,4,114,1.2398
181,120,0,0,30.205877,6.0666556,4,114,1.2433
182,120,0,0,30.304235,6.0999923,4,116,1.4001
183,120,0,0,30.404167,6.133322,4,118,1.4186
184,120,0,0,30.505222,6.166667,4,112,1.2971
185,120,0,0,30.609901,6.1999965,4,116,1.3346
186,120,0,0,30.715141,6.233333,4,122,1.3798
187,120,0,0,30.818348,6.266662,4,124,1.731
188,120,0,0,30.923992,6.299989,4,124,1.4516
189,120,0,0,31.02777,6.3333282,4,124,1.4123
190,120,0,0,31.128284,6.3666577,4,124,1.4348
191,120,0,0,31.23244,6.400004,4,128,1.4453
192,120,0,0,31.334084,6.4333334,4,124,1.4753
193,120,0,0,31.438099,6.4666696,4,128,1.4145
194,120,0,0,31.542017,6.499999,4,132,1.4304
195,120,0,0,31.645863,6.5333257,4,132,1.4411
196,120,0,0,31.75127,6.566655,4,134,1.3827
197,120,0,0,31.85499,6.5999913,4,132,1.5901
198,120,0,0,31.957558,6.6333203,4,132,1.5514
199,120,0,0,32.061237,6.666669,4,128,1.3905
200,120,0,0,32.165592,6.6999974,4,126,1.2973
201,120,0,0,32.268803,6.733333,4,124,1.5885
202,120,0,0,32.372345,6.766662,4,126,1.497
203,120,0,0,32.475853,6.799989,4,126,1.4586
204,120,0,0,32.579556,6.833318,4,136,1.323
205,120,0,0,32.686695,6.866656,4,134,1.3072
206,120,0,0,32.793896,6.900006,4,136,1.4206
207,120,0,0,32.901966,6.9333344,4,138,1.4623
208,120,0,0,33.0091,6.96667,4,142,1.4686
209,120,0,0,33.118446,6.999999,4,130,1.4294
210,120,0,0,33.229023,7.0333257,4,128,1.4576
211,120,0,0,33.33679,7.0666547,4,126,1.5793
212,120,0,0,33.44352,7.09999,4,128,1.6346
213,120,0,0,33.550285,7.1333184,4,122,1.3357
214,120,0,0,33.65835,7.16667,4,114,1.3402
215,120,0,0,33.7676,7.1999984,4,114,1.4301
216,120,0,0,33.876816,7.233334,4,116,1.5459
217,120,0,0,33.986843,7.266662,4,112,1.404
218,120,0,0,34.097336,7.2999887,4,106,1.332
219,120,0,0,34.202213,7.3333178,4,106,1.33
220,120,0,0,34.306442,7.3666544,4,100,1.3957
221,120,0,0,34.41024,7.4000072,4,106,1.7921
222,120,0,0,34.51422,7.4333353,4,110,2.2029
223,120,0,0,34.619366,7.46667,4,112,1.3924
224,120,0,0,34.724655,7.499999,4,108,1.4162
225,120,0,0,34.8322,7.5333257,4,112,1.5251
226,120,0,0,34.939552,7.5666537,4,112,1.3806
227,120,0,0,35.042244,7.599989,4,116,1.3335
228,120,0,0,35.142937,7.6333175,4,114,1.3595
229,120,0,0,35.246975,7.666671,4,120,1.4072
230,120,0,0,35.35034,7.6999993,4,124,1.4834
231,120,0,0,35.451984,7.733334,4,114,1.5102
232,120,0,0,35.552853,7.766662,4,114,2.2919
233,120,0,0,35.653652,7.7999887,4,106,1.759
234,120,0,0,35.755726,7.8333173,4,110,1.5356
235,120,0,0,35.857014,7.866652,4,114,1.4929
236,120,0,0,35.95651,7.900008,4,110,1.4644
237,120,0,0,36.05665,7.9333363,4,110,1.3982
238,120,0,0,36.153862,7.9666705,4,106,1.4007
239,120,0,0,36.251522,7.999999,4,108,1.4956
240,120,0,0,36.35101,8.033326,4,112,1.6528
241,120,0,0,36.45012,8.066654,4,110,1.7626
242,120,0,0,36.549133,8.099988,4,112,2.1137
243,120,0,0,36.649273,8.133317,4,114,1.5236
244,120,0,0,36.7516,8.166673,4,108,1.3515
245,120,0,0,36.855297,8.2,4,114,1.3808
246,120,0,0,36.96642,8.233336,4,114,1.8063
247,120,0,0,37.078117,8.266664,4,116,1.5701
248,120,0,0,37.189106,8.299991,4,120,1.3685
249,120,0,0,37.29984,8.333325,4,122,1.3875
250,120,0,0,37.410522,8.366653,4,120,1.4239
251,120,0,0,37.5199,8.40001,4,116,2.0207
252,120,0,0,37.62838,8.433338,4,114,1.5709
253,120,0,0,37.73662,8.466672,4,114,1.6123
254,120,0,0,37.843445,8.5,4,112,1.4898
255,120,0,0,37.950558,8.533328,4,112,2.0026
256,120,0,0,38.057667,8.566663,4,108,1.5892
257,120,0,0,38.162582,8.59999,4,110,1.524
258,120,0,0,38.26745,8.633347,4,118,1.4297
259,120,0,0,38.37123,8.666675,4,122,1.8309
260,120,0,0,38.474674,8.700008,4,120,1.6449
261,120,0,0,38.580273,8.7333355,4,120,1.5973
262,120,0,0,38.683968,8.766665,4,112,2.2124
263,120,0,0,38.787003,8.800001,4,114,1.676
264,120,0,0,38.885277,8.833329,4,112,1.7364
265,120,0,0,38.9827,8.866685,4,120,1.428
266,120,0,0,39.08214,8.900013,4,114,1.3986
267,120,0,0,39.186104,8.933347,4,114,1.4167
268,120,0,0,39.289677,8.966674,4,118,1.6675
269,120,0,0,39.39398,9.000001,4,114,1.4238
270,120,0,0,39.498554,9.033329,4,110,1.5226
271,120,0,0,39.601387,9.066664,4,112,1.4086
272,120,0,0,39.70349,9.1000185,4,120,1.5456
273,120,0,0,39.80477,9.133347,4,118,1.8471
274,120,0,0,39.9074,9.166678,4,118,2.6336
275,120,0,0,40.01142,9.200007,4,114,1.6408
276,120,0,0,40.11661,9.233343,4,114,1.6867
277,120,0,0,40.221504,9.266671,4,122,1.4918
278,120,0,0,40.329063,9.300006,4,126,1.4345
279,120,0,0,40.43681,9.33336,4,128,1.6893
280,120,0,0,40.542797,9.366688,4,130,1.7136
281,120,0,0,40.647015,9.400021,4,132,1.6763
282,120,0,0,40.754147,9.433349,4,130,1.6305
283,120,0,0,40.862328,9.466676,4,140,1.9024
284,120,0,0,40.970875,9.500004,4,138,1.6675
285,120,0,0,41.07887,9.533337,4,144,1.5316
286,120,0,0,41.188065,9.566665,4,142,1.4448
287,120,0,0,41.29719,9.6000185,4,144,1.4431
288,120,0,0,41.405476,9.633351,4,150,1.6392
289,120,0,0,41.513184,9.666678,4,148,1.6148
290,120,0,0,41.620197,9.700021,4,146,1.4705
291,120,0,0,41.726677,9.733348,4,140,1.4489
292,120,0,0,41.835766,9.766681,4,140,1.5271
293,120,0,0,41.94509,9.800009,4,130,1.7839
294,120,0,0,42.05405,9.833362,4,132,1.6751
295,120,0,0,42.164192,9.866696,4,138,1.5768
296,119,0,1,42.303204,9.900023,4,136,2.0346
297,119,0,0,42.413326,9.933351,4,134,1.6624
298,119,0,0,42.52249,9.966678,4,138,1.5967
299,119,0,0,42.632378,10.000011,4,134,1.454
300,119,0,0,42.74348,10.033339,4,132,1.4657
301,119,0,0,42.854095,10.06669,4,134,1.5342
302,119,0,0,42.96512,10.100024,4,130,1.6019
303,119,0,0,43.07605,10.133352,4,132,1.7272
304,119,0,0,43.185696,10.166697,4,130,1.6044
305,119,0,0,43.29431,10.200024,4,128,1.5595
306,119,0,0,43.403988,10.233356,4,128,1.8716
307,119,0,0,43.513012,10.266685,4,128,2.0529
308,119,0,0,43.61996,10.300036,4,132,1.7374
309,119,0,0,43.727886,10.333364,4,136,1.6237
310,119,0,0,43.83662,10.366698,4,142,1.6362
311,119,0,0,43.946796,10.400025,4,142,1.5996
312,119,0,0,44.056896,10.433352,4,142,1.627
313,119,0,0,44.16576,10.466685,4,142,1.8181
314,119,0,0,44.27312,10.500012,4,142,1.7536
315,119,0,0,44.378414,10.533363,4,134,1.4552
316,119,0,0,44.480377,10.56669,4,134,1.968
317,119,0,0,44.580997,10.600022,4,136,2.5322
318,119,0,0,44.684513,10.63335,4,142,2.9946
319,119,0,0,44.788044,10.666702,4,136,3.1703
320,119,0,0,44.89157,10.700033,4,132,2.5327
321,119,0,0,44.99351,10.73336,4,132,1.7138
322,119,0,0,45.093266,10.766711,4,132,2.6872
323,119,0,0,45.19384,10.800039,4,130,2.1588
324,119,0,0,45.295742,10.833371,4,122,1.7921
325,119,0,0,45.397717,10.866698,4,122,1.6624
326,119,0,0,45.49944,10.900025,4,124,2.526
327,119,0,0,45.602364,10.933359,4,126,2.2738
328,118,0,1,45.691116,10.966686,4,128,2.0903
329,118,0,0,45.79508,11.000036,4,130,1.8827
330,118,0,0,45.9004,11.033363,4,122,1.649
331,118,0,0,46.002823,11.066696,4,122,1.6156
332,118,0,0,46.105858,11.100023,4,124,1.7641
333,118,0,0,46.210884,11.133376,4,122,1.8274
334,118,0,0,46.315887,11.166703,4,118,1.7006
335,118,0,0,46.42018,11.200037,4,114,1.7224
336,118,0,0,46.520763,11.233387,4,114,2.0996
337,118,0,0,46.623226,11.266714,4,116,2.3137
338,118,0,0,46.725536,11.300046,4,124,1.8898
339,118,0,0,46.826958,11.333373,4,126,1.6201
340,118,0,0,46.929005,11.3667,4,128,1.7552
341,118,0,0,47.031097,11.400027,4,134,2.4962
342,118,0,0,47.13316,11.433361,4,132,1.8926
343,118,0,0,47.23652,11.46671,4,130,1.7223
344,118,0,0,47.336994,11.500037,4,132,1.7082
345,118,0,0,47.43708,11.533367,4,128,1.7681
346,118,0,0,47.537556,11.566696,4,130,2.3792
347,118,0,0,47.639103,11.600053,4,124,1.7737
348,118,0,0,47.73743,11.633381,4,118,1.6127
349,118,0,0,47.836914,11.666712,4,114,1.597
350,118,0,0,47.933704,11.700062,4,114,1.6755
351,118,0,0,48.02964,11.733389,4,114,1.8097
352,118,0,0,48.12655,11.766721,4,112,1.652
353,118,0,0,48.225986,11.800048,4,112,1.6583
354,118,0,0,48.326183,11.833375,4,104,1.8821
355,118,0,0,48.425606,11.866702,4,106,2.0506
356,118,0,0,48.525158,11.900034,4,112,1.7127
357,118,0,0,48.62822,11.933361,4,110,1.6229
358,118,0,0,48.72884,11.966709,4,110,1.6924
359,118,0,0,48.830063,12.000041,4,110,1.7992
360,118,0,0,48.932903,12.033369,4,112,2.62
361,118,0,0,49.035637,12.066729,4,116,1.798
362,118,0,0,49.13676,12.100057,4,124,1.6807
363,118,0,0,49.23639,12.133388,4,122,2.8682
364,118,0,0,49.335613,12.166715,4,116,2.5988
365,118,0,0,49.43407,12.200063,4,116,2.4634
366,118,0,0,49.53202,12.233396,4,114,2.1093
367,118,0,0,49.628277,12.266723,4,108,1.4908
368,118,0,0,49.72514,12.30005,4,120,1.5545
369,118,0,0,49.821827,12.333376,4,128,1.5888
370,118,0,0,49.91943,12.366708,4,130,1.636
371,118,0,0,50.016148,12.400035,4,126,1.648
372,118,0,0,50.115402,12.433383,4,124,1.8739
373,118,0,0,50.21459,12.466709,4,126,1.588
374,118,0,0,50.317547,12.500041,4,126,1.5844
375,118,0,0,50.41823,12.533406,4,124,1.3398
376,118,0,0,50.51846,12.566732,4,120,1.3403
377,118,0,0,50.618835,12.600063,4,118,1.3211
378,118,0,0,50.71815,12.63339,4,120,1.3088
379,118,0,0,50.81345,12.666738,4,124,1.3051
380,118,0,0,50.906418,12.700065,4,126,1.2979
381,118,0,0,51.001812,12.733397,4,122,1.2999
382,118,0,0,51.096165,12.766724,4,122,1.2947
383,118,0,0,51.19215,12.800051,4,126,1.6737
384,118,0,0,51.287357,12.833383,4,126,1.2894
385,118,0,0,51.383152,12.86671,4,132,1.3027
386,118,0,0,51.48104,12.900056,4,132,1.3052
387,118,0,0,51.58052,12.933383,4,138,1.2992
388,118,0,0,51.681347,12.966713,4,130,1.2639
389,118,0,0,51.782703,13.00004,4,132,1.2656
390,118,0,0,51.881382,13.033408,4,130,1.2916
391,118,0,0,51.980625,13.066739,4,128,1.2629
392,118,0,0,52.078125,13.100066,4,128,1.3083
393,118,0,0,52.174973,13.133412,4,132,1.7704
394,118,0,0,52.27266,13.166739,4,130,1.5957
395,118,0,0,52.372982,13.200071,4,130,1.9635
396,118,0,0,52.472042,13.2333975,4,126,1.9224
397,118,0,0,52.569668,13.266725,4,124,1.3282
398,118,0,0,52.66622,13.300052,4,126,1.3015
399,118,0,0,52.763115,13.333384,4,128,1.2804
400,118,0,0,52.862473,13.366729,4,128,1.2803
401,118,0,0,52.963146,13.400057,4,122,1.3485
402,118,0,0,53.06378,13.433387,4,120,1.3187
403,118,0,0,53.165623,13.466714,4,120,1.5297
404,118,0,0,53.267452,13.500084,4,116,1.1441
405,118,0,0,53.371826,13.533411,4,122,1.1152
406,118,0,0,53.476677,13.566743,4,124,1.2069
407,118,0,0,53.580757,13.600088,4,126,1.1662
408,117,0,1,53.642906,13.633414,4,123,1.1853
409,117,0,0,53.748684,13.666745,4,122,1.1143
410,117,0,0,53.853817,13.700072,4,122,1.1162
411,117,0,0,53.958817,13.733399,4,126,1.1168
412,117,0,0,54.062737,13.7667265,4,130,1.1435
413,117,0,0,54.168186,13.800057,4,128,1.2564
414,117,0,0,54.27204,13.8333845,4,128,1.3269
415,117,0,0,54.375637,13.86673,4,120,1.2475
416,117,0,0,54.47846,13.90006,4,114,1.3022
417,117,0,0,54.57936,13.933387,4,112,1.2373
418,117,0,0,54.67852,13.96676,4,112,1.1856
419,117,0,0,54.78077,14.000087,4,112,1.1269
420,117,0,0,54.882263,14.033417,4,112,1.1543
421,117,0,0,54.982197,14.066744,4,116,1.1292
422,117,0,0,55.07901,14.100088,4,116,1.1199
423,117,0,0,55.176155,14.13342,4,118,1.1357
424,117,0,0,55.27484,14.166747,4,118,1.1971
425,117,0,0,55.37549,14.200074,4,118,1.2653
426,117,0,0,55.474728,14.2334,4,114,1.2586
427,117,0,0,55.57396,14.266731,4,112,1.2224
428,117,0,0,55.674126,14.300058,4,116,1.2271
429,117,0,0,55.771904,14.333403,4,120,1.2871
430,117,0,0,55.872334,14.366734,4,122,1.2299
431,117,0,0,55.97467,14.400061,4,116,1.2221
432,117,0,0,56.075726,14.433435,4,114,1.2424
433,117,0,0,56.176003,14.466763,4,116,1.1802
434,117,0,0,56.276215,14.5000925,4,116,1.1821
435,117,0,0,56.377472,14.533419,4,118,1.1805
436,117,0,0,56.476685,14.566763,4,118,1.2347
437,117,0,0,56.57817,14.60009,4,114,1.2771
438,117,0,0,56.680336,14.633422,4,114,1.2687
439,117,0,0,56.78303,14.666749,4,112,1.2575
440,117,0,0,56.887726,14.700075,4,116,1.3359
441,117,0,0,56.991173,14.733406,4,120,1.6642
442,117,0,0,57.09283,14.766733,4,120,1.9115
443,117,0,0,57.19516,14.800077,4,118,1.8402
444,117,0,0,57.295124,14.833404,4,120,1.8385
445,117,0,0,57.394257,14.866733,4,124,1.8304
446,117,0,0,57.493855,14.900111,4,126,1.7849
447,117,0,0,57.592537,14.933438,4,126,1.8201
448,117,0,0,57.68849,14.966767,4,128,1.8918
449,117,0,0,57.789043,15.000095,4,132,1.9745
450,117,0,0,57.885975,15.033438,4,134,1.6285
451,117,0,0,57.979397,15.066765,4,138,1.2918
452,117,0,0,58.071896,15.100096,4,140,1.2242
453,117,0,0,58.164207,15.133422,4,138,1.2911
454,117,0,0,58.259636,15.166749,4,136,1.1004
455,117,0,0,58.354183,15.200081,4,134,1.3963
456,117,0,0,58.45031,15.233407,4,128,1.3858
457,117,0,0,58.546555,15.26675,4,126,1.0276
458,117,0,0,58.644,15.300077,4,128,1.908
459,117,0,0,58.741425,15.333406,4,124,1.2781
460,117,0,0,58.83826,15.366734,4,124,0.9643
461,117,0,0,58.933064,15.400112,4,124,1.182
462,117,0,0,59.024178,15.433439,4,132,1.2209
463,117,0,0,59.11197,15.466771,4,132,0.9881
464,117,0,0,59.200493,15.5001135,4,128,1.2781
465,117,0,0,59.290974,15.53344,4,130,1.3324
466,117,0,0,59.38211,15.566771,4,130,1.3157
467,117,0,0,59.47523,15.600097,4,130,1.3047
468,117,0,0,59.570026,15.633424,4,128,0.9297
469,117,0,0,59.662666,15.66675,4,128,0.9998
470,117,0,0,59.755802,15.700082,4,128,1.0953
471,117,0,0,59.84838,15.733424,4,134,0.9318
472,117,0,0,59.94123,15.76675,4,142,0.9096
473,117,0,0,60.034885,15.80008,4,140,0.9364
474,117,0,0,60.12745,15.833407,4,144,0.9098
475,117,0,0,60.21833,15.866788,4,146,0.9075
476,117,0,0,60.30834,15.900115,4,134,1.2136
477,117,0,0,60.39777,15.933445,4,140,0.9561
478,117,0,0,60.486286,15.966788,4,142,0.9456
479,117,0,0,60.577183,16.000114,4,142,0.9267
480,117,0,0,60.66699,16.033445,4,138,0.9526
481,117,0,0,60.7605,16.06677,4,132,0.9358
482,117,0,0,60.85066,16.100098,4,124,0.9672
483,117,0,0,60.94037,16.133425,4,134,0.9507
484,117,0,0,61.02995,16.16675,4,138,0.9478
485,117,0,0,61.124767,16.20008,4,136,0.9181
486,117,0,0,61.21565,16.233406,4,138,0.9274
487,117,0,0,61.307575,16.266748,4,128,1.0636
488,117,0,0,61.40145,16.30008,4,130,0.9772
489,117,0,0,61.49657,16.333406,4,126,0.9118
490,117,0,0,61.593616,16.366734,4,134,0.912
491,117,0,0,61.690643,16.400114,4,132,1.9413
492,117,0,0,61.787666,16.433441,4,136,1.7189
493,117,0,0,61.884525,16.466772,4,134,0.887
494,117,0,0,61.981407,16.500114,4,140,0.8664
495,117,0,0,62.075592,16.53344,4,146,0.8662
496,117,0,0,62.168446,16.56677,4,152,0.8763
497,117,0,0,62.260296,16.600096,4,152,0.9287
498,117,0,0,62.350487,16.633423,4,146,0.8847
499,117,0,0,62.43945,16.66675,4,144,0.8511
500,117,0,0,62.529686,16.700075,4,146,0.85
501,117,0,0,62.62011,16.733406,4,152,0.8507
502,117,0,0,62.714195,16.766731,4,146,0.8463
503,117,0,0,62.80966,16.800074,4,146,0.9784
504,117,0,0,62.90537,16.833403,4,138,0.9591
505,117,0,0,62.998302,16.86673,4,142,0.8886
506,117,0,0,63.09063,16.900116,4,142,0.868
507,117,0,0,63.18147,16.933441,4,136,0.8821
508,117,0,0,63.27251,16.966768,4,140,0.945
509,117,0,0,63.3639,17.000097,4,140,0.9847
510,117,0,0,63.454193,17.03344,4,136,0.9589
511,117,0,0,63.54302,17.066765,4,138,0.9717
512,117,0,0,63.631786,17.100096,4,138,0.9873
513,117,0,0,63.719322,17.13342,4,136,0.9327
514,117,0,0,63.80534,17.166748,4,136,0.9295
515,117,0,0,63.892605,17.200075,4,136,0.9439
516,117,0,0,63.98361,17.2334,4,140,0.9186
517,117,0,0,64.07282,17.266731,4,142,0.9289
518,117,0,0,64.16158,17.300056,4,138,0.9985
519,117,0,0,64.24854,17.333399,4,142,1.2975
520,117,0,0,64.33553,17.366728,4,146,1.143
521,117,0,0,64.42382,17.400055,4,150,0.9518
522,117,0,0,64.51602,17.43338,4,142,0.9924
523,117,0,0,64.60752,17.466766,4,146,1.0004
524,117,0,0,64.699455,17.500093,4,138,0.8769
525,117,0,0,64.79094,17.533424,4,138,0.9172
526,117,0,0,64.8842,17.566763,4,136,0.9224
527,117,0,0,64.9771,17.60009,4,136,0.8669
528,117,0,0,65.06874,17.633419,4,140,0.8837
529,117,0,0,65.16163,17.666746,4,136,0.8587
530,117,0,0,65.25324,17.700075,4,142,0.8517
531,117,0,0,65.34431,17.7334,4,144,0.8436
532,117,0,0,65.43309,17.766727,4,142,0.8692
533,117,0,0,65.522545,17.800056,4,140,0.8974
534,117,0,0,65.61526,17.833384,4,134,0.9331
535,117,0,0,65.7086,17.866722,4,138,0.9107
536,117,0,0,65.7976,17.900055,4,140,0.9199
537,117,0,0,65.88484,17.933378,4,138,0.9161
538,117,0,0,65.971954,17.966768,4,142,0.9774
539,117,0,0,66.057045,18.00009,4,142,0.9214
540,117,0,0,66.140564,18.03342,4,148,0.998
541,117,0,0,66.22362,18.066746,4,146,0.9528
542,117,0,0,66.30588,18.10009,4,140,0.9846
543,117,0,0,66.39,18.133411,4,146,0.99
544,117,0,0,66.47008,18.166746,4,158,1.0281
545,117,0,0,66.549126,18.200068,4,160,0.9998
546,117,0,0,66.629616,18.233398,4,156,1.3349
547,117,0,0,66.712814,18.26673,4,154,1.387
548,117,0,0,66.7923,18.30005,4,160,0.9527
549,117,0,0,66.86782,18.333387,4,158,0.9334
550,117,0,0,66.9411,18.366707,4,152,0.9218
551,117,0,0,67.01786,18.400053,4,154,0.9196
552,117,0,0,67.09877,18.433376,4,150,0.9326
553,117,0,0,67.18041,18.46671,4,146,0.923
554,117,0,0,67.26135,18.500029,4,142,0.9845
555,117,0,0,67.34221,18.533419,4,146,1.1564
556,117,0,0,67.42568,18.566738,4,146,0.8621
557,117,0,0,67.50819,18.600075,4,140,0.8581
558,117,0,0,67.59222,18.633408,4,140,0.8687
559,117,0,0,67.676056,18.66674,4,140,0.8513
560,117,0,0,67.76051,18.700064,4,146,0.8705
561,117,0,0,67.84489,18.733397,4,148,0.8695
562,117,0,0,67.92844,18.766718,4,144,0.8875
563,117,0,0,68.00907,18.80005,4,138,0.8712
564,117,0,0,68.09092,18.833385,4,140,0.8789
565,117,0,0,68.17438,18.866707,4,136,0.8656
566,117,0,0,68.25557,18.90004,4,132,0.8522
567,117,0,0,68.33615,18.933372,4,132,0.8567
568,117,0,0,68.42132,18.966711,4,132,0.8914
569,117,0,0,68.50992,19.000027,4,126,0.9784
570,117,0,0,68.60016,19.033419,4,118,0.9505
571,117,0,0,68.69187,19.066736,4,124,0.9124
572,117,0,0,68.77666,19.10007,4,128,1.1739
573,117,0,0,68.86052,19.13339,4,128,1.3475
574,117,0,0,68.94366,19.16674,4,128,1.0485
575,117,0,0,69.025696,19.200056,4,136,0.9072
576,117,0,0,69.10473,19.233397,4,132,0.9152
577,117,0,0,69.184235,19.266712,4,130,0.8867
578,117,0,0,69.26561,19.300049,4,134,0.8647
579,117,0,0,69.34302,19.333387,4,142,0.8871
580,117,0,0,69.41798,19.366701,4,140,0.8703
581,117,0,0,69.49424,19.400042,4,138,0.8543
582,117,0,0,69.56784,19.433357,4,138,0.8566
583,117,0,0,69.64379,19.466707,4,138,0.9137
584,117,0,0,69.71978,19.500025,4,134,1.342
585,117,0,0,69.79731,19.533365,4,132,1.0627
586,117,0,0,69.87582,19.566677,4,130,0.8874
587,117,0,0,69.95148,19.60007,4,140,0.911
588,117,0,0,70.02898,19.633385,4,142,0.918
589,117,0,0,70.10772,19.666727,4,134,0.9694
590,117,0,0,70.185844,19.700052,4,136,1.0584
591,117,0,0,70.26311,19.733393,4,142,1.5432
592,117,0,0,70.34279,19.766708,4,138,1.3593
593,117,0,0,70.42638,19.800047,4,142,1.344
594,117,0,0,70.51001,19.833387,4,126,1.3698
595,117,0,0,70.5903,19.866701,4,128,1.3506
596,117,0,0,70.66847,19.900042,4,124,1.3842
597,117,0,0,70.74327,19.933355,4,120,1.377
598,117,0,0,70.82079,19.966696,4,124,1.2608
599,142,25,0,57.008614,16.478891,4,122,3.0894
600,178,36,0,43.929283,13.172696,4,234,1.3764
601,202,24,0,37.839443,11.636989,4,442,1.2414
602,226,24,0,33.0508,10.43103,4,556,1.1913
603,253,28,1,28.71836,9.268026,4,674,1.3886
604,269,16,0,26.621586,8.748126,4,830,1.5094
605,284,16,1,24.856333,8.2465105,4,968,1.5136
606,294,10,0,23.829857,7.998226,4,1092,1.6338
607,308,14,0,22.472544,7.666474,4,1192,1.5501
608,312,4,0,22.175833,7.6010985,4,1348,1.9917
609,317,5,0,21.790016,7.513995,4,1376,1.9216
610,322,5,0,21.417896,7.43014,4,1456,1.734
611,327,5,0,21.054024,7.3493443,4,1546,1.7904
612,328,1,0,21.05111,7.3601646,4,1588,2.0097
613,333,5,0,20.69886,7.282476,4,1568,1.9909
614,337,4,0,20.440096,7.2289705,4,1640,1.7346
615,339,3,1,20.332066,7.1589003,4,1661,1.8205
616,340,1,0,20.330776,7.1710854,4,1684,1.8375
617,342,3,1,20.176908,7.161505,4,1692,1.7179
618,344,2,0,20.092577,7.153013,4,1716,2.0094
619,344,0,0,20.169746,7.1863647,4,1758,2.3653
620,344,0,0,20.247307,7.2196927,4,1744,2.2385
621,345,1,0,20.238527,7.232004,4,1744,1.9178
622,345,0,0,20.312435,7.2653327,4,1756,2.1639
623,345,0,0,20.385715,7.29867,4,1764,1.8849
624,345,0,0,20.456795,7.3319874,4,1768,1.7478
625,345,0,0,20.528996,7.365324,4,1754,1.8
626,345,0,0,20.600473,7.3986425,4,1774,2.538
627,345,0,0,20.671406,7.4319797,4,1746,2.0047
628,345,0,0,20.743643,7.4653053,4,1760,2.0524
629,345,0,0,20.816734,7.498635,4,1748,2.4902
630,345,0,0,20.88443,7.5319777,4,1722,1.9442
631,345,0,0,20.952017,7.565318,4,1698,1.9081
632,345,0,0,21.02412,7.598652,4,1682,2.0845
633,345,0,0,21.095327,7.631989,4,1668,2.0653
634,345,0,0,21.168484,7.6653414,4,1674,2.1834
635,345,2,2,21.204258,7.5757694,4,1671,2.0679
636,345,2,2,21.244177,7.4860125,4,1694,2.035
637,345,2,2,21.285088,7.3960543,4,1699,1.9047
638,345,0,0,21.359118,7.4293947,4,1708,1.8082
639,345,1,1,21.41538,7.400876,4,1710,1.8121
640,345,1,1,21.470432,7.372281,4,1712,1.7506
641,345,1,1,21.522083,7.343571,4,1708,1.8853
642,345,1,1,21.573587,7.3147817,4,1682,1.9064
643,345,2,2,21.60648,7.223659,4,1666,1.7975
644,345,3,3,21.619095,7.070036,4,1660,1.8446
645,345,2,2,21.648563,6.9785433,4,1657,1.9596
646,345,6,6,21.603046,6.636802,4,1618,2.096
647,345,4,4,21.592432,6.4196935,4,1660,1.9915
648,345,1,1,21.632421,6.3903284,4,1677,1.7557
649,345,0,0,21.692331,6.42366,4,1690,1.8674
650,345,1,1,21.735638,6.3940926,4,1718,1.9991
651,345,2,2,21.761118,6.3014402,4,1702,3.1917
652,345,0,0,21.824612,6.3347826,4,1716,3.5673
653,345,2,2,21.848991,6.2417436,4,1718,2.7095
654,345,1,1,21.890646,6.2117968,4,1740,1.8888
655,345,2,2,21.917004,6.1183643,4,1727,1.8897
656,345,1,1,21.959848,6.0882254,4,1709,2.7432
657,345,1,1,22.002811,6.05798,4,1729,2.9101
658,345,3,3,22.0127,5.9003015,4,1702,2.1341
659,345,3,3,22.01977,5.742328,4,1688,1.9559
660,345,2,2,22.0449,5.6479297,4,1656,1.9463
661,345,2,2,22.071352,5.5533357,4,1678,1.9164
662,345,1,1,22.117836,5.5226054,4,1678,2.0224
663,345,1,1,22.166561,5.491783,5,1671,1.9254
664,345,2,2,22.196472,5.39661,5,1672,2.1459
665,345,1,1,22.244839,5.365589,5,1661,1.9069
666,345,0,0,22.310326,5.3989224,5,1670,2.5956
667,345,0,0,22.37394,5.432261,5,1636,1.9976
668,345,1,1,22.418545,5.400964,5,1608,2.0733
669,345,1,1,22.460821,5.3695674,5,1585,2.3791
670,344,0,1,22.456602,5.411928,5,1589,2.4553
671,344,1,1,22.497904,5.3801484,5,1582,1.9937
672,344,0,0,22.559856,5.413481,5,1578,1.892
673,344,1,1,22.607065,5.3815036,5,1562,1.8753
674,344,0,0,22.67199,5.4148345,5,1550,1.8833
675,344,0,0,22.737606,5.448166,5,1546,2.1804
676,344,1,1,22.78499,5.415893,5,1501,1.9443
677,344,2,2,22.818272,5.3178267,5,1496,2.028
678,344,1,1,22.866106,5.285361,5,1474,1.9527
679,344,0,0,22.92768,5.318693,5,1482,1.8884
680,344,2,2,22.95314,5.2200437,5,1491,1.7477
681,344,2,2,22.979383,5.121203,5,1518,1.7925
682,344,1,1,23.022963,5.088359,5,1559,1.7469
683,344,2,2,23.049976,4.989142,5,1558,1.7327
684,344,0,0,23.112524,5.0224795,5,1538,1.8381
685,344,0,0,23.175823,5.055818,5,1532,1.7828
686,344,0,0,23.236628,5.089159,5,1560,2.1905
687,344,0,0,23.297634,5.122491,5,1554,2.3244
688,344,1,1,23.341602,5.0890613,5,1565,1.807
689,344,0,0,23.406431,5.1223927,5,1568,1.9021
690,344,1,1,23.453943,5.088767,5,1551,1.9322
691,344,2,2,23.482725,4.9879875,5,1550,1.9283
692,344,0,0,23.548115,5.0213156,5,1548,1.9709
693,344,0,0,23.614468,5.0546474,5,1522,1.8925
694,344,0,0,23.680523,5.087976,5,1536,2.0771
695,344,1,1,23.727829,5.053865,5,1542,3.119
696,344,2,2,23.757027,4.9521203,5,1525,2.0924
697,344,1,1,23.802923,4.917815,5,1527,1.9142
698,344,0,0,23.866657,4.95115,5,1512,1.9011
699,344,0,0,23.928787,4.984488,5,1504,1.904
700,344,0,0,23.989826,5.0178256,5,1498,1.9151
701,344,0,0,24.050545,5.0511684,5,1508,2.4184
702,344,0,0,24.111464,5.084505,5,1500,1.9685
703,344,0,0,24.170706,5.117839,5,1488,1.8644
704,344,0,0,24.23002,5.151172,5,1474,1.8398
705,344,0,0,24.291168,5.184504,5,1450,1.8256
706,344,0,0,24.353697,5.2178326,5,1448,2.3191
707,344,0,0,24.41639,5.2511606,5,1450,2.285
708,344,0,0,24.476847,5.284489,5,1444,1.8564
709,344,0,0,24.53808,5.317823,5,1440,2.4114
710,344,0,0,24.599192,5.351151,5,1394,2.1638
711,344,0,0,24.65891,5.384483,5,1380,1.9631
712,344,0,0,24.718824,5.417813,5,1364,2.0721
713,344,0,0,24.78131,5.451152,5,1320,2.6656
714,344,0,0,24.84635,5.4844894,5,1334,2.4763
715,344,0,0,24.914057,5.517827,5,1346,2.7597
716,344,0,0,24.984806,5.551169,5,1326,2.7379
717,344,1,1,25.03589,5.514929,5,1324,2.5147
718,344,0,0,25.104893,5.548265,5,1310,2.6965
719,344,0,0,25.173626,5.5815973,5,1312,2.3268
720,344,0,0,25.240448,5.6149297,5,1328,1.8991
721,344,0,0,25.305716,5.648259,5,1310,1.9116
722,343,1,2,25.426146,5.5576262,5,1313,2.2765
723,343,0,0,25.49099,5.590955,5,1304,2.0333
724,343,0,0,25.556553,5.6242876,5,1310,2.6968
725,343,0,0,25.620333,5.6576185,5,1276,2.7151
726,343,0,0,25.682577,5.690948,5,1272,2.4694
727,343,0,0,25.746521,5.724279,5,1278,2.6766
728,343,0,0,25.814066,5.7576156,5,1282,2.7708
729,343,0,0,25.883368,5.7909536,5,1246,2.9426
730,343,0,0,25.953339,5.8242917,5,1204,2.1388
731,343,1,1,26.005743,5.7864957,5,1197,2.3412
732,343,1,1,26.058226,5.7485967,5,1190,2.1343
733,343,0,0,26.12736,5.7819314,5,1186,2.9412
734,343,1,1,26.178423,5.743837,5,1177,2.5763
735,343,0,0,26.246407,5.7771688,5,1176,2.3151
736,343,0,0,26.316616,5.810498,5,1182,2.4414
737,343,0,0,26.384134,5.8438263,5,1192,2.5755
738,343,1,1,26.430784,5.8053374,5,1185,1.9202
739,343,0,0,26.497461,5.8386703,5,1186,2.0646
740,342,0,1,26.609066,5.8169518,5,1188,1.9424
741,342,0,0,26.677006,5.8502817,5,1212,2.0641
742,342,0,0,26.74453,5.883611,5,1204,1.9385
743,342,0,0,26.812492,5.9169416,5,1210,1.9126
744,342,0,0,26.879694,5.950281,5,1216,2.1886
745,342,0,0,26.946127,5.983619,5,1228,2.5024
746,342,0,0,27.014011,6.0169606,5,1228,2.3084
747,342,0,0,27.082346,6.0502987,5,1248,1.8959
748,342,0,0,27.148443,6.0836325,5,1264,1.9175
749,342,0,0,27.21455,6.1169634,5,1226,2.258
750,342,0,0,27.280048,6.150297,5,1206,1.9768
751,342,0,0,27.346087,6.183625,5,1216,2.0211
752,342,1,1,27.39337,6.1435637,5,1210,1.9183
753,341,0,1,27.540403,6.121302,5,1211,1.9382
754,341,0,0,27.61047,6.1546364,5,1196,2.3869
755,341,0,0,27.680483,6.1879683,5,1194,1.9096
756,341,0,0,27.749407,6.2213,5,1202,2.0386
757,341,0,0,27.818262,6.2546315,5,1220,2.6646
758,341,0,0,27.888826,6.287959,5,1212,3.2636
759,341,0,0,27.959894,6.3212976,5,1220,2.0527
760,341,0,0,28.032057,6.354634,5,1210,2.5269
761,341,0,0,28.102278,6.3879766,5,1224,2.6324
762,341,0,0,28.17167,6.421315,5,1224,2.6324
763,341,0,0,28.24012,6.4546494,5,1234,2.2053
764,341,0,0,28.310295,6.4879804,5,1254,1.9944
765,341,0,0,28.379513,6.521314,5,1234,1.8994
766,341,0,0,28.447294,6.5546417,5,1230,1.8797
767,341,0,0,28.515385,6.5879745,5,1198,1.8919
768,341,0,0,28.584242,6.621304,5,1160,2.2771
769,341,0,0,28.652641,6.6546392,5,1160,2.6769
770,341,0,0,28.720396,6.6879697,5,1174,2.1572
771,341,0,0,28.787823,6.7213016,5,1190,1.8731
772,341,0,0,28.85304,6.7546277,5,1196,1.9031
773,341,0,0,28.917416,6.787957,5,1200,1.9057
774,341,0,0,28.982702,6.8212876,5,1208,1.8745
775,341,1,1,29.030405,6.7787676,5,1193,1.8848
776,341,0,0,29.093443,6.8121104,5,1194,1.8875
777,341,0,0,29.155792,6.8454523,5,1186,2.2286
778,341,0,0,29.218145,6.8787866,5,1188,2.3525
779,341,0,0,29.282091,6.912121,5,1188,1.8992
780,341,0,0,29.345016,6.9454513,5,1192,1.9365
781,341,0,0,29.405176,6.978785,5,1190,1.9
782,341,0,0,29.466305,7.0121174,5,1216,1.9076
783,341,0,0,29.52708,7.045447,5,1218,1.8994
784,341,0,0,29.587599,7.078782,5,1218,1.8924
785,341,0,0,29.651485,7.1121135,5,1176,2.3763
786,341,0,0,29.716318,7.145445,5,1190,1.9832
787,341,0,0,29.779318,7.1787734,5,1170,2.1758
788,341,0,0,29.842037,7.212101,5,1172,2.4324
789,341,0,0,29.905434,7.2454324,5,1168,1.8832
790,341,0,0,29.972103,7.278767,5,1168,1.8817
791,341,0,0,30.037281,7.3121085,5,1140,1.9172
792,341,0,0,30.10311,7.345449,5,1146,1.9931
793,341,0,0,30.166513,7.3787837,5,1132,2.1389
794,341,0,0,30.229498,7.4121203,5,1126,1.8885
795,341,0,0,30.293055,7.445452,5,1120,1.9404
796,341,0,0,30.35623,7.4787865,5,1138,1.9311
797,341,0,0,30.420658,7.512119,5,1152,1.8926
798,341,0,0,30.485147,7.5454516,5,1142,1.9366
799,341,0,0,30.550512,7.578782,5,1144,1.8969
800,341,0,0,30.615145,7.612113,5,1154,1.8968
801,341,0,0,30.679493,7.6454425,5,1124,1.9102
802,341,0,0,30.74445,7.6787696,5,1138,1.8997
803,341,0,0,30.806076,7.7120957,5,1170,1.7529
804,341,0,0,30.866835,7.74543,5,1176,1.8183
805,341,0,0,30.929766,7.778766,5,1176,1.7843
806,341,0,0,30.993124,7.8121104,5,1174,1.7773
807,341,0,0,31.05936,7.845451,5,1160,1.7792
808,341,0,0,31.127134,7.8787866,5,1130,1.7524
809,341,0,0,31.193695,7.912123,5,1104,1.843
810,341,0,0,31.258757,7.945455,5,1110,1.9839
811,341,0,0,31.325018,7.978788,5,1130,2.0671
812,341,0,0,31.39061,8.012118,5,1150,1.9874
813,341,0,0,31.453815,8.045448,5,1128,2.2535
814,341,0,0,31.519457,8.078779,5,1122,2.0647
815,341,0,0,31.583797,8.112109,5,1112,1.9016
816,341,0,0,31.6467,8.145437,5,1106,2.1637
817,341,0,0,31.709368,8.178767,5,1082,2.2613
818,341,0,0,31.769835,8.212097,5,1070,1.9615
819,341,0,0,31.828506,8.245432,5,1070,2.393
820,341,0,0,31.886856,8.2787695,5,1076,1.9956
821,341,0,0,31.945736,8.312112,5,1090,1.9032
822,341,0,0,32.00686,8.345454,5,1104,2.2461
823,341,0,0,32.06525,8.378786,5,1088,2.5561
824,341,0,0,32.12375,8.412128,5,1096,2.8358
825,341,0,0,32.182774,8.445455,5,1096,2.7827
826,341,1,1,32.22073,8.397947,5,1106,2.7474
827,341,0,0,32.280285,8.431274,5,1088,2.7287
828,341,0,0,32.339966,8.464607,5,1078,2.742
829,341,0,0,32.39784,8.497934,5,1090,2.9326
830,341,0,0,32.45514,8.531267,5,1094,2.7983
831,341,0,0,32.51217,8.564593,5,1090,2.5436
832,341,0,0,32.57052,8.597928,5,1084,2.5398
833,341,0,0,32.628292,8.631259,5,1080,2.62
834,341,0,0,32.687862,8.664594,5,1088,2.9432
835,341,0,0,32.747776,8.69793,5,1084,2.67
836,341,0,0,32.81039,8.731274,5,1070,3.4683
837,341,0,0,32.87191,8.764614,5,1052,2.3838
838,341,0,0,32.93253,8.797948,5,1038,1.9949
839,341,0,0,32.994232,8.831285,5,1018,2.6123
840,341,0,0,33.053753,8.864613,5,1032,2.1111
841,341,0,0,33.111702,8.8979435,5,1056,2.1179
842,341,0,0,33.171604,8.9312725,5,1060,2.2631
843,341,0,0,33.23338,8.964603,5,1074,2.4669
844,341,0,0,33.293648,8.9979315,5,1100,1.9332
845,341,0,0,33.35346,9.031262,5,1072,1.9059
846,341,0,0,33.41236,9.064595,5,1064,1.8964
847,341,0,0,33.472244,9.097928,5,1076,1.9612
848,341,0,0,33.529354,9.131269,5,1074,1.9943
849,340,0,1,33.63075,9.1786175,5,1085,2.0376
850,340,0,0,33.689438,9.211956,5,1054,1.9465
851,340,0,0,33.750248,9.245298,5,1046,2.132
852,340,0,0,33.81263,9.278636,5,1038,1.9065
853,340,0,0,33.874237,9.311961,5,1036,2.0278
854,340,0,0,33.935776,9.345298,5,1018,1.9566
855,340,0,0,33.99453,9.378621,5,1048,1.8832
856,340,0,0,34.051678,9.411957,5,1052,2.1085
857,340,0,0,34.109333,9.445282,5,1084,1.9225
858,340,0,0,34.16881,9.4786215,5,1108,1.8883
859,340,0,0,34.225594,9.511942,5,1074,2.0539
860,340,0,0,34.28328,9.545275,5,1052,2.0376
861,340,0,0,34.341164,9.57861,5,1074,1.9345
862,340,0,0,34.39979,9.611942,5,1068,1.8648
863,340,0,0,34.459187,9.645286,5,1066,1.8577
864,340,0,0,34.520287,9.678619,5,1056,2.0947
865,340,0,0,34.583805,9.711965,5,1080,1.9831
866,340,0,0,34.646893,9.745302,5,1058,1.8898
867,340,0,0,34.709408,9.778636,5,1048,2.003
868,340,0,0,34.768612,9.811958,5,1062,1.9579
869,340,0,0,34.828068,9.845295,5,1088,1.8962
870,340,0,0,34.88467,9.878618,5,1068,1.8875
871,340,0,0,34.939655,9.911953,5,1072,1.8947
872,339,0,1,35.096302,9.8887825,5,1069,1.859
873,339,0,0,35.151962,9.922116,5,1044,1.7919
874,339,0,0,35.203697,9.955439,5,1054,1.7299
875,339,0,0,35.253803,9.988774,5,1054,1.7587
876,339,0,0,35.305283,10.022106,5,1060,1.8685
877,339,0,0,35.356174,10.05545,5,1056,1.8927
878,339,0,0,35.407875,10.08879,5,1084,1.717
879,339,0,0,35.46086,10.12213,5,1088,1.7914
880,339,0,0,35.51356,10.155472,5,1082,1.7179
881,339,0,0,35.566166,10.188802,5,1106,1.768
882,339,0,0,35.62068,10.222131,5,1118,1.7697
883,339,0,0,35.674763,10.255455,5,1098,1.756
884,339,0,0,35.72739,10.288789,5,1084,1.7275
885,339,0,0,35.77867,10.322115,5,1064,1.7646
886,338,0,1,35.93727,10.371094,5,1068,2.0004
887,338,0,0,35.991676,10.404428,5,1058,1.7696
888,338,0,0,36.046474,10.437771,5,1074,1.98
889,338,0,0,36.10032,10.471097,5,1080,1.7962
890,338,0,0,36.152935,10.504431,5,1086,1.8564
891,338,0,0,36.205605,10.537775,5,1082,1.8817
892,338,0,0,36.26188,10.571111,5,1064,1.7762
893,338,0,0,36.315895,10.604449,5,1056,1.7265
894,338,0,0,36.37036,10.637793,5,1086,1.8356
895,338,0,0,36.42678,10.671121,5,1092,1.8605
896,338,0,0,36.48738,10.704449,5,1112,1.7992
897,338,0,0,36.546562,10.73778,5,1100,1.9134
898,338,0,0,36.607075,10.771105,5,1104,1.8345
899,338,0,0,36.666023,10.804438,5,1100,1.8833
900,338,0,0,36.72421,10.83776,5,1134,1.8987
901,338,0,0,36.778614,10.871099,5,1136,1.87
902,338,0,0,36.834816,10.90443,5,1118,1.8674
903,338,0,0,36.89069,10.93777,5,1082,1.7803
904,338,0,0,36.946213,10.971098,5,1078,1.863
905,338,0,0,37.000908,11.004444,5,1068,1.8302
906,338,0,0,37.05602,11.037786,5,1066,1.7832
907,338,0,0,37.11144,11.07112,5,1068,1.7943
908,337,0,1,37.276375,11.106948,5,1057,1.732
909,337,0,0,37.332085,11.140276,5,1036,1.7774
910,337,0,0,37.39031,11.173607,5,1052,1.7863
911,337,0,0,37.446995,11.206931,5,1038,1.8052
912,337,0,0,37.5042,11.240265,5,1008,1.7461
913,337,0,0,37.559544,11.273587,5,1010,2.332
914,337,0,0,37.613094,11.306923,5,1028,1.7987
915,337,0,0,37.66683,11.340257,5,1026,2.4731
916,337,0,0,37.720505,11.373596,5,1028,2.7031
917,337,0,0,37.77462,11.40693,5,1042,1.9042
918,337,0,0,37.82826,11.440262,5,1040,1.9149
919,337,0,0,37.88378,11.473598,5,1046,1.9209
920,337,0,0,37.94018,11.506934,5,1032,1.7807
921,337,0,0,37.99786,11.540278,5,1044,2.1319
922,337,0,0,38.05479,11.573614,5,1050,1.9667
923,337,0,0,38.11037,11.606953,5,1052,1.7741
924,337,0,0,38.16411,11.640274,5,1066,1.7118
925,337,0,0,38.21899,11.67361,5,1054,1.7055
926,337,0,0,38.27671,11.706932,5,1040,1.6961
927,337,0,0,38.334057,11.740268,5,1034,1.7287
928,337,0,0,38.38718,11.773587,5,1014,1.8089
929,337,0,0,38.437767,11.806931,5,1004,1.8422
930,337,0,0,38.48793,11.840264,5,1016,2.2002
931,337,0,0,38.54017,11.873598,5,1024,1.8607
932,337,0,0,38.59376,11.906932,5,1008,1.7745
933,336,0,1,38.596367,11.9428625,5,996,1.7436
934,336,0,0,38.646152,11.976212,5,980,1.7377
935,336,0,0,38.69423,12.009542,5,1002,1.7242
936,336,0,0,38.74501,12.042892,5,984,2.2531
937,336,0,0,38.79888,12.076217,5,966,1.8366
938,336,0,0,38.853333,12.109552,5,988,2.0988
939,336,0,0,38.909897,12.142873,5,972,2.281
940,336,0,0,38.964897,12.176209,5,970,1.8548
941,336,0,0,39.021378,12.209529,5,980,1.7751
942,336,0,0,39.075108,12.24287,5,990,1.7248
943,336,0,0,39.125782,12.276192,5,992,1.7614
944,336,0,0,39.17803,12.309532,5,1008,1.7261
945,336,0,0,39.229794,12.342867,5,1022,1.7712
946,336,0,0,39.282368,12.376199,5,1056,1.7549
947,336,0,0,39.333355,12.409538,5,1058,1.9599
948,336,0,0,39.383804,12.442877,5,1056,1.9221
949,336,0,0,39.432392,12.476222,5,1038,1.8502
950,336,0,0,39.480778,12.509554,5,1034,1.8331
951,336,0,0,39.530003,12.542893,5,1002,1.8358
952,336,0,0,39.578384,12.576217,5,1002,1.8477
953,336,0,0,39.627205,12.609555,5,1000,1.8543
954,336,0,0,39.67536,12.642872,5,1006,1.8735
955,336,0,0,39.723957,12.67621,5,990,2.2063
956,336,0,0,39.77504,12.709528,5,976,2.652
957,336,0,0,39.82611,12.742873,5,974,2.2202
958,336,0,0,39.87686,12.776213,5,992,1.7535
959,336,0,0,39.92631,12.809543,5,996,1.8794
960,336,0,0,39.978275,12.842879,5,1010,2.105
961,336,0,0,40.028206,12.87621,5,1020,2.2889
962,335,0,1,40.198853,12.91974,5,1010,2.203
963,335,0,0,40.253506,12.953067,5,976,2.6088
964,334,0,1,40.42743,12.928988,5,977,2.6775
965,334,0,0,40.481365,12.962312,5,954,1.8629
966,334,0,0,40.535324,12.995646,5,938,1.8576
967,334,0,0,40.590096,13.02897,5,934,1.8659
968,334,0,0,40.643944,13.062313,5,910,1.8606
969,334,0,0,40.698883,13.095627,5,924,1.8542
970,334,0,0,40.75326,13.128964,5,902,2.0678
971,334,0,0,40.80703,13.162285,5,900,1.9031
972,334,0,0,40.86045,13.195633,5,918,2.5517
973,334,0,0,40.91414,13.228966,5,920,2.7175
974,334,0,0,40.968063,13.2623,5,920,1.954
975,334,0,0,41.022022,13.295638,5,900,2.35
976,334,0,0,41.076122,13.328976,5,912,2.4039
977,334,0,0,41.12865,13.362322,5,912,2.0283
978,334,0,0,41.182972,13.395654,5,910,2.0241
979,334,0,0,41.238182,13.428991,5,914,2.3916
980,334,0,0,41.290276,13.462312,5,944,2.3334
981,334,0,0,41.340794,13.495649,5,968,1.901
982,334,0,0,41.389275,13.528968,5,914,1.8481
983,333,0,1,41.4378,13.573507,5,916,1.8319
984,333,0,0,41.49058,13.606825,5,912,1.9058
985,333,0,0,41.541634,13.640161,5,930,1.8537
986,333,0,0,41.59306,13.673487,5,940,1.9058
987,333,0,0,41.64188,13.706833,5,956,2.0743
988,333,0,0,41.695477,13.740167,5,938,1.9947
989,333,0,0,41.748966,13.7734995,5,944,1.926
990,333,0,0,41.802807,13.806835,5,936,2.4578
991,332,0,1,41.9837,13.842812,5,946,2.4351
992,332,0,0,42.040813,13.876153,5,944,2.3686
993,331,0,1,42.201164,13.851408,5,961,2.2804
994,331,0,0,42.257553,13.884747,5,964,1.8929
995,331,0,0,42.31147,13.918065,5,956,2.8224
996,331,0,0,42.361427,13.951401,5,974,2.2631
997,331,0,0,42.41152,13.984722,5,990,1.8834
998,331,0,0,42.463806,14.018064,5,986,1.8448
999,331,0,0,42.514458,14.051378,5,964,1.8692
1000,331,0,0,42.56656,14.084723,5,954,1.83
1001,331,0,0,42.618523,14.118065,5,942,1.804
1002,330,0,1,42.80092,14.092972,5,943,1.8206
1003,330,0,0,42.851315,14.126301,5,932,1.8539
1004,330,0,0,42.90181,14.159631,5,952,1.9358
1005,330,0,0,42.95262,14.192981,5,958,1.8627
1006,330,0,0,43.00206,14.2263155,5,944,1.8148
1007,330,0,0,43.051544,14.259655,5,944,1.8841
1008,330,0,0,43.101063,14.29298,5,946,1.8316
1009,330,0,0,43.14877,14.326323,5,946,1.8615
1010,330,0,0,43.196495,14.359635,5,958,1.8496
1011,330,0,0,43.244278,14.392973,5,946,1.8446
1012,330,0,0,43.293602,14.4262905,5,940,1.9132
1013,330,0,0,43.342728,14.459637,5,930,1.8592
1014,330,0,0,43.391388,14.4929495,5,918,1.8124
1015,330,0,0,43.440353,14.526299,5,924,1.834
1016,330,0,0,43.490517,14.559638,5,948,1.8347
1017,330,0,0,43.541695,14.592975,5,966,1.8033
1018,330,0,0,43.592533,14.626298,5,938,1.7984
1019,330,0,0,43.64271,14.659649,5,904,2.2519
1020,330,0,0,43.692657,14.692995,5,926,1.9525
1021,330,0,0,43.743168,14.726318,5,944,1.8714
1022,330,0,0,43.79375,14.759653,5,968,1.8512
1023,330,0,0,43.84517,14.792985,5,984,1.8392
1024,330,0,0,43.896297,14.826323,5,986,1.893
1025,330,0,0,43.946136,14.859638,5,984,1.831
1026,330,0,0,43.999424,14.89297,5,974,1.826
1027,330,0,0,44.053043,14.926299,5,946,1.8252
1028,330,0,0,44.106575,14.959652,5,956,1.828
1029,330,0,0,44.1584,14.992978,5,966,1.851
1030,330,0,0,44.210747,15.026316,5,986,2.0453
1031,330,0,0,44.262157,15.05965,5,1014,1.7233
1032,330,0,0,44.311512,15.092988,5,988,1.7442
1033,330,0,0,44.360874,15.1263275,5,992,1.6642
1034,330,0,0,44.413357,15.159663,5,976,1.7287
1035,330,0,0,44.465916,15.193,5,970,1.6891
1036,330,0,0,44.519764,15.226329,5,958,1.7187
1037,330,0,0,44.57232,15.259655,5,958,1.649
1038,329,1,2,44.511135,15.190128,5,975,1.7523
1039,329,0,0,44.562325,15.223468,5,954,1.8491
1040,329,0,0,44.614555,15.256787,5,944,1.8812
1041,329,0,0,44.66728,15.290113,5,924,1.7835
1042,329,0,0,44.723072,15.323444,5,922,1.8374
1043,329,0,0,44.77644,15.356798,5,926,1.6444
1044,329,0,0,44.826767,15.390123,5,934,1.7071
1045,329,0,0,44.87625,15.42346,5,924,1.7163
1046,329,0,0,44.9223,15.456792,5,928,1.6792
1047,329,0,0,44.968822,15.490144,5,942,1.713
1048,328,0,1,45.15227,15.534422,5,954,1.7522
1049,328,0,0,45.20048,15.567755,5,928,2.007
1050,328,0,0,45.24879,15.601095,5,926,1.764
1051,328,0,0,45.295357,15.6344185,5,944,1.7167
1052,328,0,0,45.340343,15.667743,5,936,1.8059
1053,328,0,0,45.38633,15.701072,5,960,1.8097
1054,328,0,0,45.434578,15.734412,5,962,1.8123
1055,328,0,0,45.483505,15.767735,5,948,1.8204
1056,328,0,0,45.531315,15.801055,5,966,1.811
1057,328,0,0,45.578323,15.834393,5,968,1.8212
1058,328,0,0,45.62696,15.867747,5,976,2.6723
1059,328,0,0,45.67172,15.90107,5,964,2.7906
1060,328,0,0,45.715137,15.934405,5,968,4.4353
1061,328,0,0,45.758144,15.967741,5,950,2.526
1062,328,0,0,45.801792,16.001093,5,972,1.7127
1063,328,0,0,45.843063,16.03442,5,982,1.7402
1064,328,0,0,45.88617,16.067759,5,976,1.9797
1065,328,0,0,45.92856,16.101097,5,956,2.4244
1066,328,0,0,45.97338,16.13442,5,948,2.0014
1067,328,0,0,46.021503,16.167742,5,970,1.69
1068,328,0,0,46.065254,16.201069,5,970,1.6561
1069,328,0,0,46.109,16.234413,5,970,1.7674
1070,328,0,0,46.154076,16.267736,5,944,1.6438
1071,328,0,0,46.197094,16.301075,5,940,1.7243
1072,328,0,0,46.2412,16.334414,5,944,1.825
1073,328,0,0,46.287807,16.367762,5,954,2.0441
1074,327,0,1,46.479202,16.341656,5,909,2.0109
1075,327,0,0,46.526814,16.374992,5,906,1.8453
1076,327,0,0,46.575703,16.40834,5,916,1.8065
1077,327,0,0,46.621265,16.44168,5,928,1.8366
1078,327,0,0,46.66444,16.475002,5,926,1.8204
1079,327,0,0,46.70946,16.508337,5,928,1.7281
1080,327,0,0,46.75885,16.541674,5,914,1.6857
1081,327,0,0,46.808582,16.574999,5,930,1.6888
1082,327,0,0,46.85979,16.608322,5,920,1.8786
1083,327,0,0,46.90967,16.64165,5,954,1.7091
1084,327,0,0,46.9572,16.674994,5,960,1.763
1085,327,0,0,47.005714,16.708313,5,966,1.6503
1086,327,0,0,47.05497,16.741653,5,962,1.7476
1087,327,0,0,47.102833,16.774994,5,956,1.676
1088,327,0,0,47.150024,16.80834,5,932,1.8055
1089,327,0,0,47.196136,16.841656,5,934,1.6923
1090,327,0,0,47.242424,16.87499,5,928,1.6886
1091,327,0,0,47.2894,16.908335,5,930,1.7151
1092,327,0,0,47.338696,16.941673,5,936,1.8093
1093,327,0,0,47.3857,16.975002,5,932,1.7643
1094,327,0,0,47.43322,17.008333,5,932,1.6432
1095,327,0,0,47.482105,17.04168,5,944,1.7234
1096,327,0,0,47.53035,17.074999,5,942,1.6862
1097,327,0,0,47.579136,17.10832,5,940,1.7007
1098,327,0,0,47.629494,17.141655,5,962,1.7307
1099,327,0,0,47.680416,17.174995,5,932,1.6837
1100,327,0,0,47.7291,17.208319,5,930,1.7439
1101,327,0,0,47.777454,17.241638,5,920,1.7896
1102,327,0,0,47.823483,17.274975,5,930,1.7261
1103,327,0,0,47.871372,17.308327,5,918,1.6532
1104,327,0,0,47.91817,17.341652,5,922,1.7227
1105,327,0,0,47.963722,17.374983,5,896,1.6715
1106,327,0,0,48.00996,17.408323,5,886,1.6938
1107,327,0,0,48.05622,17.44167,5,922,1.9545
1108,327,0,0,48.102043,17.475004,5,932,2.4629
1109,327,0,0,48.146767,17.508327,5,928,3.8002
1110,327,0,0,48.19166,17.541677,5,942,2.0098
1111,327,0,0,48.23593,17.575,5,924,2.988
1112,327,0,0,48.28047,17.60832,5,904,3.0062
1113,327,0,0,48.326935,17.641653,5,892,2.0655
1114,327,0,0,48.372463,17.674995,5,884,1.7738
1115,326,0,1,48.387466,17.714785,5,893,1.9248
1116,326,0,0,48.430992,17.748106,5,898,1.8155
1117,325,0,1,48.622936,17.788969,5,926,1.9714
1118,325,0,0,48.665676,17.822327,5,926,1.7484
1119,325,0,0,48.710648,17.855652,5,902,1.6595
1120,325,0,0,48.757423,17.888985,5,904,1.6999
1121,324,0,1,48.953568,17.924551,5,947,1.7833
1122,324,0,0,49.002132,17.957886,5,920,1.6946
1123,324,0,0,49.047443,17.991217,5,892,1.6675
1124,324,0,0,49.09079,18.024551,5,896,1.6917
1125,324,0,0,49.13647,18.057901,5,880,1.6585
1126,324,0,0,49.181656,18.091227,5,878,1.7528
1127,324,0,0,49.227333,18.124544,5,886,1.7627
1128,324,0,0,49.274475,18.157883,5,890,1.7181
1129,324,0,0,49.324543,18.191223,5,878,1.6561
1130,324,0,0,49.371536,18.224543,5,874,2.197
1131,324,0,0,49.41374,18.257866,5,894,1.7439
1132,324,0,0,49.45489,18.291203,5,908,1.6711
1133,324,0,0,49.496662,18.324553,5,922,1.6456
1134,324,0,0,49.538654,18.357878,5,934,1.6441
1135,324,0,0,49.58261,18.391214,5,918,1.7349
1136,324,0,0,49.623825,18.424557,5,922,1.9464
1137,323,0,1,49.816628,18.465082,5,914,1.7458
1138,323,0,0,49.85368,18.49841,5,894,1.6399
1139,323,0,0,49.892673,18.531744,5,898,1.7423
1140,323,0,0,49.932327,18.56509,5,918,1.6767
1141,323,0,0,49.97288,18.598412,5,914,1.6363
1142,323,0,0,50.01677,18.631739,5,904,1.6969
1143,323,0,0,50.060947,18.66507,5,908,1.7137
1144,323,0,0,50.10523,18.698414,5,908,1.7078
1145,323,0,0,50.14971,18.731735,5,918,1.7332
1146,323,0,0,50.19093,18.765062,5,898,2.042
1147,323,0,0,50.2324,18.798388,5,920,1.8085
1148,322,0,1,50.431442,18.771267,5,900,1.9825
1149,322,0,0,50.47323,18.804594,5,884,1.7801
1150,322,0,0,50.51568,18.837934,5,888,1.7657
1151,322,0,0,50.557785,18.871283,5,886,1.777
1152,322,0,0,50.601906,18.904612,5,892,1.7825
1153,322,0,0,50.64309,18.937939,5,872,1.8046
1154,322,0,0,50.68182,18.971266,5,876,1.803
1155,321,0,1,50.87841,19.01449,5,870,1.8809
1156,321,1,1,50.900593,18.927683,5,837,1.8935
1157,321,0,0,50.94242,18.961008,5,838,1.6919
1158,321,0,0,50.987396,18.994343,5,836,1.6584
1159,320,0,1,51.19018,18.966316,5,838,1.6649
1160,320,0,0,51.236988,18.999638,5,838,1.6952
1161,320,0,0,51.282696,19.032967,5,874,1.6572
1162,320,0,0,51.32911,19.066292,5,872,1.6802
1163,320,0,0,51.37667,19.099628,5,892,1.6534
1164,320,0,0,51.423088,19.13295,5,886,1.7942
1165,320,0,0,51.467064,19.166275,5,908,1.7204
1166,320,0,0,51.509377,19.199615,5,908,1.7313
1167,320,0,0,51.552635,19.232962,5,900,1.8209
1168,320,0,0,51.594414,19.266293,5,892,1.8365
1169,320,0,0,51.635536,19.29962,5,914,1.6914
1170,320,0,0,51.67758,19.332966,5,920,1.6685
1171,320,0,0,51.719933,19.366314,5,922,1.9386
1172,320,0,0,51.762512,19.39964,5,918,1.6707
1173,320,0,0,51.803703,19.432964,5,896,1.7934
1174,320,0,0,51.84478,19.466309,5,882,1.9447
1175,319,0,1,52.05113,19.437883,5,890,1.6636
1176,318,0,1,52.03985,19.472366,5,889,1.6839
1177,318,0,0,52.083008,19.505697,5,892,1.627
1178,318,0,0,52.125866,19.539038,5,886,1.6942
1179,318,0,0,52.168957,19.572363,5,902,1.7021
1180,318,0,0,52.212147,19.605686,5,892,1.6517
1181,318,0,0,52.253063,19.639025,5,904,1.6858
1182,318,0,0,52.291416,19.672367,5,888,1.6626
1183,318,0,0,52.33037,19.705704,5,890,2.1584
1184,318,0,0,52.36882,19.739029,5,898,1.7948
1185,318,0,0,52.40646,19.772371,5,916,1.6558
1186,318,0,0,52.44232,19.8057,5,900,1.6508
1187,318,0,0,52.48139,19.83903,5,886,1.6797
1188,318,0,0,52.520466,19.87236,5,884,1.6946
1189,318,0,0,52.561615,19.905703,5,888,1.6749
1190,318,0,0,52.601665,19.939043,5,894,1.6558
1191,318,0,0,52.640625,19.972363,5,896,1.7246
1192,318,0,0,52.679646,20.00569,5,910,1.7008
1193,318,0,0,52.719223,20.039026,5,898,2.5519
1194,318,0,0,52.756664,20.07236,5,906,1.8337
1195,318,0,0,52.79598,20.105686,5,894,1.6503
1196,318,0,0,52.83918,20.139023,5,890,1.6191
1197,318,0,0,52.880116,20.172358,5,888,1.6408
1198,318,0,0,52.919792,20.205702,5,876,1.7393
1199,324,6,0,51.831966,19.86423,5,870,1.6788
1200,341,17,0,48.89218,18.90561,5,922,1.6971
1201,358,19,2,46.19539,17.927588,5,1032,1.9323
1202,376,19,1,43.623116,17.047638,5,1196,2.5476
1203,393,18,1,41.4112,16.291214,5,1373,2.1169
1204,414,21,0,38.941708,15.496493,5,1488,2.1356
1205,442,28,0,36.00434,14.546038,5,1678,2.2543
1206,468,28,2,33.56757,13.683431,5,1907,2.4241
1207,494,28,2,31.395924,12.913053,5,2230,2.5314
1208,498,6,2,31.089613,12.761209,5,2508,2.715
1209,500,2,0,30.971844,12.743361,5,2586,2.8505
1210,500,0,0,31.007425,12.776683,5,2580,2.6956
1211,500,0,0,31.040773,12.810011,5,2586,2.7809
1212,500,0,0,31.072676,12.843341,5,2592,2.6668
1213,500,0,0,31.105198,12.876672,5,2538,2.7039
1214,500,0,0,31.135721,12.909999,5,2538,2.875
1215,500,0,0,31.16678,12.94334,5,2516,2.9217
1216,500,0,0,31.199476,12.976673,5,2538,2.6482
1217,500,0,0,31.230656,13.010017,5,2558,2.5452
1218,500,0,0,31.260593,13.043339,5,2574,2.5985
1219,500,0,0,31.288322,13.076675,5,2540,2.4113
1220,500,0,0,31.316517,13.110018,5,2556,2.5348
1221,500,0,0,31.345253,13.143358,5,2530,2.8443
1222,500,0,0,31.377197,13.176694,5,2530,2.7748
1223,500,0,0,31.407402,13.210028,5,2492,2.6799
1224,500,0,0,31.436113,13.2433605,5,2504,2.4335
1225,500,0,0,31.463966,13.276676,5,2520,2.4229
1226,500,0,0,31.490942,13.310006,5,2546,2.598
1227,500,0,0,31.518198,13.343336,5,2554,2.5345
1228,500,0,0,31.54349,13.37667,5,2554,2.448
1229,500,0,0,31.568098,13.409988,5,2552,2.4443
1230,499,0,1,31.658005,13.428448,5,2513,2.4964
1231,499,1,1,31.67328,13.419569,5,2504,2.4957
1232,499,1,1,31.68806,13.410631,5,2529,2.458
1233,500,1,0,31.636171,13.417068,5,2518,2.466
1234,500,0,0,31.66409,13.450404,5,2578,2.5914
1235,500,0,0,31.692888,13.483752,5,2572,2.4181
1236,500,0,0,31.719255,13.517091,5,2578,2.4389
1237,500,0,0,31.747322,13.550421,5,2568,2.4697
1238,500,0,0,31.774794,13.5837555,5,2546,2.8054
1239,499,0,1,31.833534,13.642312,5,2526,2.7216
1240,500,1,0,31.783987,13.6482725,5,2506,2.5149
1241,500,0,0,31.814095,13.681603,5,2542,2.4312
1242,500,0,0,31.841034,13.714935,5,2546,2.521
1243,500,0,0,31.869963,13.748269,5,2524,2.428
1244,499,0,1,31.900328,13.766318,5,2508,2.5319
1245,500,1,0,31.853659,13.772056,5,2488,2.5155
1246,500,0,0,31.888535,13.805392,5,2532,2.5018
1247,500,0,0,31.922775,13.838743,5,2546,2.4789
1248,500,0,0,31.955019,13.872066,5,2522,2.4771
1249,499,0,1,31.920551,13.890384,5,2506,2.4383
1250,500,1,0,31.871387,13.895875,5,2510,2.621
1251,500,0,0,31.901628,13.929214,5,2496,2.8713
1252,500,0,0,31.93253,13.962551,5,2510,2.4098
1253,500,0,0,31.96242,13.995884,5,2516,2.4821
1254,500,0,0,31.991013,14.029225,5,2488,2.448
1255,500,0,0,32.017014,14.062538,5,2478,2.4323
1256,500,0,0,32.04438,14.09587,5,2492,2.4964
1257,500,0,0,32.068714,14.129201,5,2518,2.4362
1258,499,0,1,32.156933,14.106814,5,2479,2.5688
1259,499,1,1,32.171715,14.096044,5,2496,2.523
1260,499,1,1,32.19035,14.085224,5,2511,2.6109
1261,497,1,3,32.336376,14.042581,5,2480,2.4281
1262,500,3,0,32.129704,13.991469,5,2446,2.4329
1263,500,0,0,32.163883,14.0247965,5,2486,2.4745
1264,499,0,1,32.26145,14.001807,5,2471,2.6295
1265,499,1,1,32.280975,13.950571,5,2444,2.6773
1266,499,1,1,32.300484,13.939355,5,2431,2.4833
1267,499,1,1,32.320576,13.928067,5,2444,2.7324
1268,499,1,1,32.33765,13.9167185,5,2427,2.5512
1269,499,1,1,32.357903,13.905295,5,2433,2.5698
1270,500,1,0,32.30777,13.910735,5,2452,2.4162
1271,500,0,0,32.337414,13.944067,5,2446,2.451
1272,500,0,0,32.367004,13.977404,5,2450,2.488
1273,500,0,0,32.39736,14.010732,5,2422,2.7501
1274,499,0,1,32.492756,14.02737,5,2424,2.4903
1275,500,1,0,32.44138,14.032581,5,2402,2.486
1276,500,0,0,32.471962,14.065919,5,2424,2.5589
1277,500,0,0,32.502705,14.099257,5,2436,2.5317
1278,500,0,0,32.53531,14.132589,5,2438,2.77
1279,499,0,1,32.633312,14.108811,5,2457,2.5943
1280,499,1,1,32.652126,14.09666,5,2504,2.7967
1281,499,1,1,32.670082,14.08444,5,2483,3.2871
1282,500,1,0,32.620655,14.089538,5,2492,4.6346
1283,500,0,0,32.653744,14.122875,5,2542,3.3315
1284,500,0,0,32.684536,14.156212,5,2476,3.0565
1285,500,0,0,32.71441,14.189532,5,2464,2.7367
1286,500,0,0,32.74306,14.222867,5,2460,2.9153
1287,500,0,0,32.768665,14.256203,5,2448,2.702
1288,500,0,0,32.796196,14.28953,5,2424,2.5999
1289,500,0,0,32.824085,14.322848,5,2424,3.1404
1290,500,0,0,32.85354,14.35618,5,2434,2.6272
1291,500,0,0,32.88031,14.389518,5,2468,2.7049
1292,500,0,0,32.908546,14.422857,5,2486,2.6907
1293,500,0,0,32.93869,14.456177,5,2450,2.6881
1294,500,0,0,32.96902,14.489512,5,2424,2.9109
1295,500,0,0,32.99512,14.522855,5,2436,2.4715
1296,500,0,0,33.02251,14.556199,5,2432,2.9327
1297,499,0,1,33.057415,14.573347,5,2393,3.7156
1298,498,1,2,33.14028,14.502345,5,2352,3.0838
1299,500,2,0,33.003548,14.477545,5,2370,2.6704
1300,500,0,0,33.031754,14.510865,5,2352,2.8685
1301,500,0,0,33.061726,14.544198,5,2324,3.0802
1302,500,0,0,33.09081,14.577533,5,2328,2.8997
1303,500,0,0,33.124187,14.610863,5,2328,2.4772
1304,500,0,0,33.156742,14.6441765,5,2322,2.4474
1305,500,0,0,33.192093,14.677512,5,2338,2.6443
1306,500,0,0,33.22925,14.710852,5,2342,2.439
1307,500,0,0,33.267082,14.744191,5,2370,2.5631
1308,500,0,0,33.302677,14.777511,5,2348,2.8032
1309,500,0,0,33.339153,14.810845,5,2372,3.5457
1310,500,0,0,33.372353,14.844187,5,2326,3.6088
1311,500,0,0,33.402782,14.87753,5,2324,3.4158
1312,500,0,0,33.43149,14.910864,5,2290,2.6997
1313,500,0,0,33.457752,14.944202,5,2284,3.1303
1314,500,0,0,33.484074,14.977536,5,2278,3.3096
1315,500,0,0,33.512417,15.010853,5,2302,3.8459
1316,500,0,0,33.54223,15.044186,5,2330,2.8095
1317,500,0,0,33.571167,15.077522,5,2312,2.647
1318,500,0,0,33.595306,15.110856,5,2312,3.2179
1319,500,0,0,33.621037,15.144173,5,2332,2.7305
1320,500,0,0,33.646816,15.1775055,5,2308,2.7291
1321,500,0,0,33.674656,15.210845,5,2318,2.6894
1322,500,0,0,33.705513,15.244187,5,2330,2.7236
1323,500,0,0,33.73566,15.277508,5,2312,2.7498
1324,500,0,0,33.763317,15.310843,5,2332,2.7013
1325,500,0,0,33.789703,15.344182,5,2364,2.6193
1326,500,0,0,33.814926,15.377528,5,2394,2.4354
1327,500,0,0,33.84075,15.410862,5,2396,2.5364
1328,500,0,0,33.866127,15.4442005,5,2354,2.5163
1329,499,0,1,33.959274,15.4600525,5,2346,2.7224
1330,500,1,0,33.900448,15.462385,5,2342,2.7466
1331,500,0,0,33.92361,15.495717,5,2360,2.674
1332,500,0,0,33.946465,15.529054,5,2346,2.6299
1333,500,0,0,33.9672,15.562389,5,2368,2.6532
1334,500,0,0,33.987934,15.595703,5,2366,2.6496
1335,500,0,0,34.008965,15.629038,5,2352,2.9282
1336,500,0,0,34.029655,15.662377,5,2372,2.7767
1337,500,0,0,34.04841,15.695723,5,2420,2.5901
1338,499,0,1,34.140587,15.711328,5,2418,2.4372
1339,499,1,1,34.150517,15.695298,5,2369,2.4767
1340,500,1,0,34.09375,15.697171,5,2390,2.6435
1341,500,0,0,34.12416,15.7305155,5,2416,3.3075
1342,499,0,1,34.19685,15.786291,5,2407,2.6856
1343,499,1,1,34.21012,15.72985,5,2383,2.6479
1344,499,1,1,34.226913,15.713422,5,2395,2.7395
1345,499,1,1,34.24813,15.696977,5,2383,2.7063
1346,499,1,1,34.264713,15.680473,5,2361,2.6484
1347,499,1,1,34.282646,15.663908,5,2376,2.6523
1348,499,1,1,34.246117,15.687622,5,2318,2.6569
1349,500,1,0,34.194305,15.689503,5,2364,2.6525
1350,500,0,0,34.225933,15.722836,5,2372,2.9782
1351,500,0,0,34.255283,15.75618,5,2386,2.6619
1352,500,0,0,34.285366,15.789519,5,2360,2.9038
1353,500,0,0,34.31652,15.822835,5,2350,2.661
1354,499,0,1,34.417336,15.83758,5,2334,2.6514
1355,500,1,0,34.36325,15.839175,5,2318,2.6922
1356,500,0,0,34.394318,15.872514,5,2328,2.698
1357,500,0,0,34.42195,15.905845,5,2308,2.6731
1358,500,0,0,34.449207,15.9391775,5,2312,2.6583
1359,500,0,0,34.476727,15.972519,5,2318,2.6324
1360,500,0,0,34.50556,16.005842,5,2330,2.6286
1361,500,0,0,34.53106,16.039173,5,2308,2.631
1362,500,0,0,34.55682,16.072506,5,2318,2.6293
1363,500,0,0,34.58097,16.105848,5,2292,2.6195
1364,500,0,0,34.60489,16.139168,5,2306,2.6421
1365,500,0,0,34.62823,16.172497,5,2312,2.7026
1366,500,0,0,34.65076,16.20584,5,2312,2.6258
1367,500,0,0,34.67169,16.239183,5,2342,2.5425
1368,500,0,0,34.69511,16.2725,5,2372,2.5535
1369,500,0,0,34.717964,16.305836,5,2356,3.2347
1370,500,0,0,34.741802,16.339172,5,2280,2.5877
1371,500,0,0,34.767826,16.372513,5,2244,2.5068
1372,500,0,0,34.79441,16.40584,5,2232,2.525
1373,499,0,1,34.73359,16.425694,5,2203,2.5467
1374,500,1,0,34.674168,16.426119,5,2196,2.5055
1375,500,0,0,34.699417,16.45944,5,2206,2.7865
1376,500,0,0,34.72574,16.49277,5,2214,2.4685
1377,500,0,0,34.749653,16.526104,5,2212,2.5583
1378,500,0,0,34.77281,16.55945,5,2222,2.5793
1379,500,0,0,34.795406,16.59277,5,2230,2.619
1380,500,0,0,34.817513,16.626091,5,2216,2.4258
1381,500,0,0,34.84184,16.659431,5,2226,3.1586
1382,500,0,0,34.863834,16.692781,5,2220,2.6762
1383,500,0,0,34.88321,16.72609,5,2234,2.7076
1384,500,0,0,34.90397,16.759428,5,2226,2.6196
1385,500,0,0,34.925034,16.792776,5,2222,2.7321
1386,500,0,0,34.94607,16.826126,5,2188,2.6435
1387,500,0,0,34.964718,16.85945,5,2190,2.8674
1388,500,0,0,34.986473,16.892773,5,2220,2.641
1389,500,0,0,35.00854,16.926096,5,2204,2.6517
1390,499,0,1,35.10269,16.94063,5,2213,2.7003
1391,500,1,0,35.04264,16.94004,5,2184,2.666
1392,500,0,0,35.06741,16.973392,5,2218,2.8648
1393,499,0,1,35.162544,16.988085,5,2252,3.4429
1394,500,1,0,35.099174,16.987366,5,2266,3.5175
1395,500,0,0,35.123474,17.020689,5,2242,2.9963
1396,500,0,0,35.14621,17.054026,5,2266,2.8389
1397,500,0,0,35.1673,17.087349,5,2288,2.9887
1398,500,0,0,35.188282,17.120667,5,2284,2.7571
1399,500,0,0,35.210617,17.15405,5,2336,2.6712
1400,499,0,1,35.30346,17.128248,5,2323,2.7301
1401,499,1,1,35.31552,17.108074,5,2314,2.6615
1402,500,1,0,35.252296,17.107113,5,2284,2.8714
1403,500,0,0,35.272095,17.140436,5,2260,2.6367
1404,500,0,0,35.29059,17.17374,5,2234,2.7749
1405,500,0,0,35.309227,17.207064,5,2240,2.8241
1406,500,0,0,35.332333,17.240456,5,2232,2.6424
1407,500,0,0,35.35511,17.273792,5,2252,2.884
1408,500,0,0,35.37376,17.307106,5,2248,2.7463
1409,500,0,0,35.392025,17.340433,5,2260,2.6246
1410,500,0,0,35.410072,17.373753,5,2236,2.7605
1411,500,0,0,35.426006,17.407064,5,2250,2.6407
1412,500,0,0,35.442345,17.440388,5,2240,2.732
1413,500,0,0,35.460396,17.47375,5,2196,2.6885
1414,499,0,1,35.549923,17.48871,5,2206,2.7832
1415,499,1,1,35.555386,17.467596,5,2185,2.7924
1416,500,1,0,35.487816,17.465923,5,2220,2.7098
1417,500,0,0,35.506737,17.499247,5,2242,2.9126
1418,500,0,0,35.52638,17.532543,5,2242,2.4235
1419,500,0,0,35.545567,17.56585,5,2236,2.4063
1420,500,0,0,35.56549,17.59922,5,2256,2.6974
1421,500,0,0,35.5835,17.632599,5,2238,2.705
1422,500,0,0,35.60206,17.665915,5,2232,2.6366
1423,499,0,1,35.691227,17.680725,5,2220,2.7272
1424,500,1,0,35.621567,17.678627,5,2220,2.6543
1425,500,0,0,35.639866,17.711939,5,2272,2.7466
1426,499,0,1,35.663048,17.728771,5,2242,2.6721
1427,500,1,0,35.59802,17.726585,5,2216,2.6941
1428,500,0,0,35.624035,17.75996,5,2276,2.8123
1429,500,0,0,35.648636,17.793339,5,2272,2.7011
1430,500,0,0,35.671516,17.826653,5,2276,2.6306
1431,500,0,0,35.69418,17.859993,5,2262,3.4196
1432,500,0,0,35.714306,17.893293,5,2234,3.1
1433,500,0,0,35.734,17.926588,5,2250,2.7349
1434,500,0,0,35.755157,17.959929,5,2228,2.7516
1435,500,0,0,35.773754,17.993307,5,2216,3.8486
1436,499,0,1,35.84935,18.007078,5,2222,2.9428
1437,499,1,1,35.85122,17.98448,5,2248,3.1325
1438,500,1,0,35.782715,17.981762,5,2244,2.6264
1439,500,0,0,35.803722,18.015089,5,2244,2.7056
1440,500,0,0,35.82332,18.048391,5,2224,2.6659
1441,500,0,0,35.83869,18.081697,5,2264,2.6544
1442,500,0,0,35.852634,18.115053,5,2260,2.7515
1443,500,0,0,35.864872,18.148436,5,2230,2.6412
1444,500,0,0,35.876305,18.181793,5,2224,2.8128
1445,499,0,1,35.94054,18.250214,5,2248,2.7098
1446,498,1,2,35.976627,18.247843,5,2243,2.8802
1447,500,2,0,35.81386,18.208012,5,2242,3.1227
1448,500,0,0,35.825657,18.241306,5,2292,2.6727
1449,500,0,0,35.838814,18.274672,5,2320,2.9116
1450,500,0,0,35.853153,18.308044,5,2298,2.709
1451,500,0,0,35.869114,18.3414,5,2318,3.2556
1452,498,0,2,35.902443,18.337397,5,2309,4.2485
1453,498,2,2,35.796326,18.256718,5,2261,5.3671
1454,499,2,1,35.714138,18.196348,5,2251,3.7639
1455,500,1,0,35.644714,18.193186,5,2290,4.0973
1456,500,0,0,35.66201,18.226492,5,2294,2.7829
1457,500,0,0,35.67727,18.259855,5,2296,2.5613
1458,500,0,0,35.692394,18.293236,5,2314,2.4826
1459,500,0,0,35.706528,18.326595,5,2338,2.5527
1460,500,0,0,35.72294,18.359915,5,2332,2.6376
1461,500,0,0,35.73837,18.393248,5,2334,2.8833
1462,500,0,0,35.751507,18.426537,5,2368,3.0382
1463,500,0,0,35.76375,18.459843,5,2318,2.4488
1464,500,0,0,35.776302,18.493206,5,2310,2.6788
1465,500,0,0,35.787006,18.526577,5,2276,2.4684
1466,500,0,0,35.795242,18.559933,5,2266,2.5334
1467,499,0,1,35.87576,18.613138,5,2280,3.1251
1468,498,1,2,35.90147,18.567757,5,2267,3.1184
1469,500,2,0,35.738655,18.52667,5,2278,2.7042
1470,500,0,0,35.751175,18.559963,5,2328,2.8125
1471,500,0,0,35.76573,18.593285,5,2316,2.7283
1472,500,0,0,35.780228,18.626663,5,2300,2.8066
1473,500,0,0,35.793816,18.660042,5,2272,2.7444
1474,500,0,0,35.806892,18.693394,5,2270,3.5512
1475,500,0,0,35.8187,18.72671,5,2248,2.6876
1476,500,0,0,35.82785,18.760029,5,2264,2.5896
1477,500,0,0,35.83952,18.79332,5,2254,3.8893
1478,500,0,0,35.85122,18.82665,5,2304,2.7985
1479,499,0,1,35.93507,18.83936,5,2304,2.6898
1480,499,1,1,35.84884,18.81407,5,2319,2.6866
1481,499,1,1,35.84598,18.788576,5,2327,2.7054
1482,500,1,0,35.77209,18.784243,5,2288,2.5113
1483,500,0,0,35.78785,18.817553,5,2348,2.4427
1484,500,0,0,35.800648,18.85086,5,2358,2.4549
1485,500,0,0,35.81796,18.884148,5,2342,2.5625
1486,500,0,0,35.832233,18.917486,5,2346,2.6847
1487,500,0,0,35.849083,18.950865,5,2326,2.547
1488,500,0,0,35.863552,18.984236,5,2286,2.5032
1489,500,0,0,35.878315,19.017588,5,2274,2.5282
1490,500,0,0,35.895775,19.050901,5,2242,2.5035
1491,500,0,0,35.91319,19.084215,5,2244,2.469
1492,500,0,0,35.92881,19.117521,5,2208,3.3776
1493,500,0,0,35.942314,19.150856,5,2202,2.8147
1494,500,0,0,35.95461,19.184214,5,2228,2.6952
1495,500,0,0,35.967117,19.217575,5,2206,2.8777
1496,500,0,0,35.977856,19.250927,5,2220,2.6982
1497,500,0,0,35.990036,19.284246,5,2194,2.6952
1498,500,0,0,36.00075,19.317554,5,2192,2.7924
1499,500,0,0,36.011555,19.35086,5,2212,2.6619
1500,500,0,0,36.022976,19.384178,5,2228,2.5681
1501,499,0,1,36.109093,19.396294,5,2212,2.9173
1502,499,1,1,36.111164,19.369402,5,2181,2.6942
1503,499,1,1,36.110382,19.342451,5,2161,2.5722
1504,499,1,1,36.108997,19.315418,5,2146,2.6732
1505,500,1,0,36.03002,19.31003,5,2152,2.5997
1506,500,0,0,36.04073,19.343342,5,2138,2.6304
1507,500,0,0,36.050335,19.376652,5,2162,3.239
1508,499,0,1,36.130238,19.34808,5,2208,2.5648
1509,500,1,0,36.05038,19.34268,5,2224,2.505
1510,500,0,0,36.059547,19.37604,5,2220,2.5199
1511,499,0,1,36.004517,19.389776,5,2219,2.4911
1512,500,1,0,35.92552,19.384247,5,2188,2.5418
1513,500,0,0,35.937195,19.41756,5,2246,3.1187
1514,499,0,1,35.86631,19.429724,5,2203,2.6546
1515,498,1,2,35.93779,19.37962,5,2210,2.6452
1516,499,2,1,35.851955,19.312931,5,2215,2.7126
1517,499,1,1,35.85791,19.285103,5,2235,2.5068
1518,498,1,2,35.93632,19.234364,5,2228,2.5057
1519,499,2,1,35.83151,19.167719,5,2184,2.5055
1520,500,1,0,35.75937,19.16264,5,2212,2.7455
1521,499,0,1,35.849136,19.213114,5,2255,2.5026
1522,499,1,1,35.85195,19.184824,5,2243,2.794
1523,500,1,0,35.77455,19.179697,5,2294,2.4837
1524,500,0,0,35.786163,19.213074,5,2294,2.8756
1525,500,0,0,35.801132,19.246431,5,2256,2.6989
1526,499,0,1,35.885365,19.25664,5,2251,2.8931
1527,497,1,3,36.02979,19.221706,5,2244,2.6757
1528,498,3,2,35.796936,19.13324,5,2253,2.6318
1529,499,2,1,35.712524,19.066088,5,2218,2.5991
1530,500,1,0,35.640404,19.061182,5,2214,2.7019
1531,500,0,0,35.653236,19.094484,5,2240,2.7643
1532,500,0,0,35.667034,19.127869,5,2256,2.7473
1533,500,0,0,35.68223,19.16122,5,2246,2.702
1534,500,0,0,35.698456,19.19458,5,2196,2.6859
1535,500,0,0,35.71034,19.2279,5,2216,2.6183
1536,500,0,0,35.72351,19.261223,5,2222,2.6177
1537,500,0,0,35.73734,19.294516,5,2212,2.5793
1538,500,0,0,35.75058,19.327824,5,2182,2.7063
1539,499,0,1,35.8368,19.337406,5,2149,2.6859
1540,499,1,1,35.837055,19.307976,5,2122,2.5304
1541,500,1,0,35.7626,19.302656,5,2140,2.4165
1542,500,0,0,35.774113,19.33598,5,2160,2.7575
1543,500,0,0,35.7861,19.369307,5,2176,2.6782
1544,500,0,0,35.795822,19.402613,5,2158,2.6904
1545,500,0,0,35.804085,19.435928,5,2176,2.5409
1546,500,0,0,35.810444,19.46928,5,2218,2.4135
1547,500,0,0,35.815464,19.502657,5,2180,2.4218
1548,500,0,0,35.818596,19.536005,5,2206,2.6461
1549,500,0,0,35.826965,19.569323,5,2202,2.8337
1550,500,0,0,35.833862,19.602625,5,2212,2.4954
1551,499,0,1,35.914112,19.611965,5,2221,2.4628
1552,500,1,0,35.838314,19.605968,5,2200,2.4756
1553,499,0,1,35.921852,19.615055,5,2201,2.7843
1554,499,1,1,35.92154,19.58483,5,2162,2.6535
1555,500,1,0,35.84239,19.578959,5,2164,2.5135
1556,500,0,0,35.8533,19.612322,5,2180,2.7937
1557,499,0,1,35.76767,19.622017,5,2193,2.6296
1558,500,1,0,35.692287,19.61604,5,2174,2.517
1559,499,0,1,35.616276,19.625065,5,2186,3.6886
1560,500,1,0,35.540485,19.619055,5,2208,3.6613
1561,500,0,0,35.551826,19.652412,5,2190,2.7194
1562,500,0,0,35.56409,19.68579,5,2200,2.4753
1563,500,0,0,35.575474,19.719141,5,2146,2.8693
1564,500,0,0,35.586353,19.752457,5,2126,2.62
1565,499,0,1,35.621418,19.80123,5,2151,2.789
1566,499,1,1,35.61827,19.770016,5,2175,2.4855
1567,500,1,0,35.53898,19.763702,5,2194,2.4747
1568,500,0,0,35.54959,19.79703,5,2218,2.5226
1569,500,0,0,35.562145,19.83041,5,2180,2.8825
1570,499,0,1,35.64484,19.838854,5,2162,3.3878
1571,500,1,0,35.56842,19.832472,5,2164,2.6659
1572,499,0,1,35.64824,19.881075,5,2162,2.5612
1573,500,1,0,35.571617,19.874567,5,2132,2.4693
1574,500,0,0,35.58303,19.907871,5,2168,2.4067
1575,500,0,0,35.595158,19.941193,5,2166,2.4202
1576,500,0,0,35.60558,19.974545,5,2190,2.5112
1577,500,0,0,35.615665,20.00792,5,2188,2.4477
1578,500,0,0,35.627598,20.041273,5,2168,2.4217
1579,500,0,0,35.637302,20.074593,5,2162,2.7013
1580,500,0,0,35.6472,20.107891,5,2184,2.4458
1581,499,0,1,35.726524,20.115967,5,2195,2.4454
1582,498,1,2,35.625916,20.058735,5,2200,2.6905
1583,500,2,0,35.461163,20.011698,5,2204,2.8817
1584,500,0,0,35.469902,20.045076,5,2172,2.4581
1585,500,0,0,35.476006,20.078442,5,2160,2.4864
1586,500,0,0,35.481644,20.111807,5,2148,2.416
1587,500,0,0,35.485935,20.145117,5,2152,2.476
1588,500,0,0,35.490807,20.178429,5,2150,2.4289
1589,500,0,0,35.493916,20.211735,5,2160,2.504
1590,500,0,0,35.497757,20.24506,5,2212,2.4566
1591,500,0,0,35.50136,20.278414,5,2212,2.4297
1592,500,0,0,35.506508,20.311785,5,2230,2.4718
1593,500,0,0,35.51004,20.345139,5,2246,2.7603
1594,500,0,0,35.512512,20.378454,5,2264,2.664
1595,499,0,1,35.585663,20.38633,5,2283,3.2299
1596,500,1,0,35.50134,20.378801,5,2252,2.7989
1597,500,0,0,35.50918,20.412094,5,2260,2.6293
1598,500,0,0,35.517216,20.44543,5,2282,2.4118
1599,500,0,0,35.528145,20.478804,5,2274,2.4586
1600,499,0,1,35.610935,20.526958,5,2296,2.5892
1601,498,1,2,35.677673,20.427382,5,2288,2.4461
1602,500,2,0,35.516773,20.37885,5,2286,2.5947
1603,500,0,0,35.527683,20.412163,5,2314,2.6469
1604,500,0,0,35.53789,20.445463,5,2352,2.4245
1605,500,0,0,35.5481,20.47879,5,2332,2.5271
1606,499,0,1,35.613266,20.445906,5,2366,2.8687
1607,500,1,0,35.53795,20.43832,5,2320,2.4509
1608,500,0,0,35.547474,20.471678,5,2314,2.9028
1609,500,0,0,35.556625,20.504988,5,2326,2.4227
1610,500,0,0,35.566948,20.538288,5,2334,2.5434
1611,500,0,0,35.57734,20.571602,5,2318,2.8424
1612,500,0,0,35.584354,20.604895,5,2308,2.7123
1613,500,0,0,35.591805,20.638235,5,2302,2.9241
1614,500,0,0,35.600838,20.6716,5,2318,2.4549
1615,499,0,1,35.55687,20.682735,5,2326,2.8657
1616,500,1,0,35.48064,20.674667,5,2308,2.4201
1617,500,0,0,35.491096,20.707973,5,2334,2.5236
1618,499,0,1,35.57293,20.757935,5,2346,2.9389
1619,500,1,0,35.49879,20.749664,5,2318,2.4447
1620,499,0,1,35.58446,20.75664,5,2296,2.8693
1621,500,1,0,35.511982,20.748415,5,2322,2.7713
1622,500,0,0,35.524612,20.781786,5,2314,2.4659
1623,500,0,0,35.536198,20.815144,5,2322,4.4156
1624,500,0,0,35.54882,20.848452,5,2294,4.9807
1625,500,0,0,35.561653,20.88175,5,2266,2.6588
1626,500,0,0,35.572617,20.915062,5,2276,2.8425
1627,500,0,0,35.583225,20.948366,5,2250,3.0035
1628,500,0,0,35.59406,20.981707,5,2234,2.5434
1629,499,0,1,35.67542,20.988579,5,2218,2.9685
1630,500,1,0,35.59923,20.9799,5,2224,2.4964
1631,500,0,0,35.61288,21.013264,5,2214,2.4557
1632,500,0,0,35.622757,21.046564,5,2242,2.6224
1633,500,0,0,35.632496,21.07988,5,2274,2.4485
1634,500,0,0,35.64242,21.113205,5,2214,2.6605
1635,500,0,0,35.649464,21.146536,5,2188,2.4095
1636,500,0,0,35.655983,21.179874,5,2210,2.4113
1637,499,0,1,35.733624,21.189291,5,2202,2.5492
1638,498,1,2,35.79871,21.126379,5,2209,2.3909
1639,499,2,1,35.7027,21.047955,5,2204,2.4072
1640,499,1,1,35.69774,21.011932,5,2244,2.6396
1641,500,1,0,35.619427,21.003149,5,2240,2.4437
1642,500,0,0,35.630215,21.036446,5,2270,2.4288
1643,500,0,0,35.641125,21.06978,5,2282,2.663
1644,499,0,1,35.64003,21.115833,5,2272,2.4872
1645,500,1,0,35.56395,21.106903,5,2286,2.4775
1646,500,0,0,35.570896,21.140263,5,2296,2.9853
1647,500,0,0,35.578392,21.17357,5,2342,2.4621
1648,500,0,0,35.582787,21.206879,5,2344,2.5722
1649,500,0,0,35.58755,21.2402,5,2326,2.4376
1650,499,0,1,35.666218,21.286167,5,2322,2.5083
1651,500,1,0,35.58483,21.276875,5,2314,2.6555
1652,500,0,0,35.590904,21.310242,5,2330,2.7723
1653,500,0,0,35.598507,21.343603,5,2322,2.6532
1654,500,0,0,35.60741,21.376923,5,2326,2.4952
1655,500,0,0,35.61511,21.410229,5,2318,2.448
1656,500,0,0,35.622505,21.443539,5,2314,2.5796
1657,499,0,1,35.697975,21.449484,5,2305,2.7704
1658,499,1,1,35.69107,21.412203,5,2276,2.6301
1659,500,1,0,35.609108,21.402668,5,2284,2.6542
1660,500,0,0,35.61632,21.436033,5,2296,2.5557
1661,500,0,0,35.624233,21.469395,5,2286,2.439
1662,500,0,0,35.631107,21.502693,5,2298,2.4695
1663,500,0,0,35.64136,21.536003,5,2346,2.4225
1664,500,0,0,35.65295,21.569334,5,2336,2.588
1665,499,0,1,35.69236,21.615158,5,2316,2.5096
1666,499,1,1,35.690937,21.577429,5,2303,2.471
1667,500,1,0,35.61647,21.567572,5,2270,2.5214
1668,499,0,1,35.699738,21.617567,5,2296,2.4256
1669,500,1,0,35.62171,21.60758,5,2282,2.7265
1670,500,0,0,35.628956,21.64089,5,2258,2.7306
1671,500,0,0,35.635246,21.674208,5,2260,2.5622
1672,500,0,0,35.641426,21.707523,5,2250,2.451
1673,500,0,0,35.648003,21.740847,5,2272,2.4526
1674,500,0,0,35.653954,21.774199,5,2258,2.4407
1675,500,0,0,35.658405,21.807564,5,2258,2.4691
1676,500,0,0,35.663815,21.840923,5,2262,2.589
1677,500,0,0,35.669765,21.874218,5,2258,2.7553
1678,500,0,0,35.67651,21.907532,5,2264,2.4515
1679,500,0,0,35.683376,21.940865,5,2288,2.4759
1680,498,0,2,35.834763,21.91853,5,2291,2.589
1681,498,2,2,35.81182,21.868746,5,2243,2.5175
1682,500,2,0,35.64487,21.814503,5,2250,2.4359
1683,500,0,0,35.653885,21.847862,5,2280,2.93
1684,500,0,0,35.662434,21.88118,5,2242,3.1897
1685,500,0,0,35.672997,21.914488,5,2254,3.6766
1686,500,0,0,35.686337,21.94781,5,2286,3.8111
1687,499,0,1,35.75697,21.952898,5,2242,4.1869
1688,499,1,1,35.75341,21.913605,5,2211,3.3698
1689,499,1,1,35.74633,21.874283,5,2226,3.4319
1690,500,1,0,35.667202,21.863834,5,2218,3.2534
1691,500,0,0,35.673687,21.897192,5,2278,3.3871
1692,500,0,0,35.682533,21.930489,5,2250,4.2931
1693,499,0,1,35.76101,21.935144,5,2227,3.6917
1694,498,1,2,35.82598,21.86626,5,2225,4.0598
1695,499,2,1,35.731304,21.78275,5,2217,3.1845
1696,499,1,1,35.72452,21.743092,5,2208,3.3007
1697,500,1,0,35.645023,21.7329,5,2234,3.9821
1698,500,0,0,35.6531,21.766262,5,2256,3.2634
1699,500,0,0,35.65755,21.799578,5,2236,3.1821
1700,500,0,0,35.662884,21.832895,5,2260,3.2672
1701,500,0,0,35.6706,21.86621,5,2248,3.7413
1702,500,0,0,35.681664,21.899513,5,2266,3.187
1703,500,0,0,35.69271,21.932846,5,2276,2.9178
1704,500,0,0,35.701706,21.9662,5,2288,3.1373
1705,500,0,0,35.70703,21.999567,5,2288,2.9114
1706,500,0,0,35.714035,22.03292,5,2278,2.7791
1707,500,0,0,35.72415,22.066225,5,2272,3.5064
1708,500,0,0,35.733116,22.09954,5,2252,4.046
1709,500,0,0,35.7417,22.132866,5,2248,3.6415
1710,500,0,0,35.750957,22.166187,5,2260,2.7648
1711,500,0,0,35.75917,22.199537,5,2254,3.2333
1712,499,0,1,35.83768,22.243586,5,2254,3.0888
1713,500,1,0,35.754486,22.232395,5,2264,3.4452
1714,499,0,1,35.83355,22.235983,5,2257,4.2614
1715,499,1,1,35.826138,22.195015,5,2237,4.3572
1716,499,1,1,35.82064,22.153984,5,2225,3.7183
1717,500,1,0,35.741596,22.142916,5,2234,3.521
1718,500,0,0,35.745544,22.176243,5,2232,3.2147
1719,500,0,0,35.752235,22.209599,5,2264,3.0063
1720,500,0,0,35.758877,22.242968,5,2242,4.072
1721,500,0,0,35.766785,22.276321,5,2242,3.6398
1722,500,0,0,35.77424,22.309626,5,2248,3.575
1723,500,0,0,35.78073,22.34294,5,2258,2.8457
1724,500,0,0,35.787174,22.376266,5,2242,3.0647
1725,500,0,0,35.79047,22.409588,5,2278,3.3535
1726,500,0,0,35.793106,22.442934,5,2300,2.9575
1727,500,0,0,35.7977,22.476292,5,2316,4.2317
1728,500,0,0,35.80639,22.509655,5,2320,3.4594
1729,500,0,0,35.815308,22.54297,5,2316,2.6657
1730,500,0,0,35.8214,22.57627,5,2316,2.6652
1731,500,0,0,35.824432,22.609585,5,2324,2.8592
1732,500,0,0,35.83017,22.642902,5,2314,2.6668
1733,500,0,0,35.837166,22.676237,5,2306,2.6583
1734,500,0,0,35.84394,22.709589,5,2292,2.812
1735,500,0,0,35.852528,22.742964,5,2274,2.6764
1736,499,0,1,35.85386,22.786558,5,2264,2.6641
1737,500,1,0,35.77492,22.774214,5,2234,2.6625
1738,500,0,0,35.786804,22.807531,5,2236,2.6672
1739,499,0,1,35.866543,22.872616,5,2238,2.7079
1740,497,1,3,36.007576,22.809849,5,2241,3.1916
1741,499,3,1,35.823364,22.675756,5,2215,3.0442
1742,500,1,0,35.741074,22.66369,5,2220,2.7016
1743,500,0,0,35.744526,22.69705,5,2232,2.6802
1744,500,0,0,35.74393,22.730364,5,2236,2.6923
1745,498,0,2,35.783676,22.742573,5,2202,2.9127
1746,499,2,1,35.68675,22.653893,5,2161,2.783
1747,499,1,1,35.67541,22.570436,5,2174,2.6599
1748,499,1,1,35.667942,22.527214,5,2188,2.6544
1749,500,1,0,35.5904,22.515457,5,2226,2.6419
1750,500,0,0,35.600266,22.548826,5,2280,2.6572
1751,500,0,0,35.606915,22.582182,5,2304,2.7489
1752,500,0,0,35.6105,22.61549,5,2300,2.8308
1753,500,0,0,35.614223,22.64881,5,2310,2.6815
1754,500,0,0,35.617054,22.682133,5,2300,2.6496
1755,500,0,0,35.621895,22.715452,5,2286,2.6757
1756,499,0,1,35.69991,22.71731,5,2258,2.9436
1757,500,1,0,35.62125,22.705158,5,2226,2.6656
1758,500,0,0,35.631294,22.738522,5,2248,2.6732
1759,500,0,0,35.640266,22.771828,5,2238,3.7041
1760,500,0,0,35.646255,22.805141,5,2258,3.0716
1761,500,0,0,35.652473,22.838455,5,2286,2.652
1762,499,0,1,35.67578,22.882729,5,2262,3.1722
1763,500,1,0,35.591022,22.870234,5,2264,2.6867
1764,500,0,0,35.594383,22.903587,5,2284,2.6972
1765,500,0,0,35.59718,22.93695,5,2296,2.7006
1766,500,0,0,35.600544,22.970308,5,2286,2.6889
1767,500,0,0,35.602356,23.003613,5,2280,3.3719
1768,500,0,0,35.60592,23.03694,5,2258,4.9134
1769,500,0,0,35.612694,23.07027,5,2238,5.9212
1770,500,0,0,35.61983,23.103592,5,2208,6.1287
1771,500,0,0,35.624954,23.136942,5,2206,2.8725
1772,500,0,0,35.629642,23.17029,5,2252,3.6316
1773,500,0,0,35.635567,23.20365,5,2250,2.6189
1774,500,0,0,35.64364,23.236958,5,2240,2.5992
1775,500,0,0,35.650703,23.270266,5,2232,2.7173
1776,499,0,1,35.73015,23.271929,5,2223,2.6887
1777,499,1,1,35.725525,23.226887,5,2226,2.5916
1778,500,1,0,35.64819,23.213697,5,2226,2.4771
1779,500,0,0,35.658604,23.24704,5,2226,2.6964
1780,500,0,0,35.66883,23.280403,5,2242,2.8278
1781,500,0,0,35.675205,23.313763,5,2242,3.9109
1782,500,0,0,35.68127,23.347078,5,2252,2.6035
1783,500,0,0,35.687317,23.380402,5,2238,2.5287
1784,500,0,0,35.691757,23.41374,5,2252,2.7246
1785,500,0,0,35.697018,23.44706,5,2280,2.4925
1786,500,0,0,35.702858,23.480404,5,2268,2.5361
1787,500,0,0,35.70798,23.513756,5,2266,2.9721
1788,500,0,0,35.715824,23.547117,5,2270,2.4938
1789,500,0,0,35.723663,23.580421,5,2292,2.6945
1790,500,0,0,35.733925,23.613733,5,2288,2.7373
1791,500,0,0,35.74103,23.647045,5,2274,2.7042
1792,500,0,0,35.74882,23.680368,5,2282,2.7106
1793,500,0,0,35.760883,23.713696,5,2294,2.6368
1794,499,0,1,35.845654,23.674723,5,2276,2.672
1795,499,1,1,35.846188,23.628395,5,2241,2.6867
1796,500,1,0,35.76901,23.614424,5,2222,2.6867
1797,500,0,0,35.78244,23.647738,5,2238,2.9033
1798,500,0,0,35.794006,23.681065,5,2260,2.7615
1799,500,0,0,35.805984,23.714403,5,2280,2.651
1800,500,0,0,35.814297,23.747728,5,2270,2.673
1801,500,0,0,35.81881,23.781073,5,2212,2.6948
1802,500,0,0,35.824593,23.814423,5,2202,2.6822
1803,500,0,0,35.83075,23.847786,5,2236,2.8365
1804,500,0,0,35.83692,23.88109,5,2230,3.6394
1805,500,0,0,35.842697,23.914398,5,2198,2.6683
1806,500,0,0,35.84319,23.94771,5,2192,2.4951
1807,500,0,0,35.84532,23.981035,5,2188,2.6009
1808,500,0,0,35.84884,24.014359,5,2188,2.5633
1809,499,0,1,35.925266,24.015202,5,2198,2.9952
1810,500,1,0,35.842007,24.000471,5,2206,2.506
1811,500,0,0,35.84517,24.033823,5,2242,2.4608
1812,500,0,0,35.850033,24.067133,5,2236,2.596
1813,499,0,1,35.928696,24.067997,5,2229,2.4277
1814,500,1,0,35.848637,24.053135,5,2244,2.4923
1815,500,0,0,35.85521,24.086458,5,2250,2.8438
1816,500,0,0,35.86249,24.119797,5,2260,2.8749
1817,499,0,1,35.816395,24.129478,5,2254,2.735
1818,499,1,1,35.80635,24.12183,5,2236,2.6763
1819,500,1,0,35.72634,24.106821,5,2250,2.6548
1820,500,0,0,35.733383,24.140131,5,2242,3.0701
1821,500,0,0,35.742287,24.173445,5,2270,3.7989
1822,500,0,0,35.75056,24.206776,5,2280,3.5109
1823,499,0,1,35.829353,24.24719,5,2235,3.0075
1824,500,1,0,35.749424,24.23197,5,2272,2.7176
1825,500,0,0,35.755695,24.265335,5,2270,2.4419
1826,500,0,0,35.760796,24.298689,5,2300,3.4001
1827,500,0,0,35.76632,24.331999,5,2290,2.7008
1828,498,0,2,35.807983,24.383585,5,2248,3.3361
1829,500,2,0,35.640434,24.319235,5,2268,3.1411
1830,500,0,0,35.644863,24.35255,5,2248,3.723
1831,500,0,0,35.653355,24.38588,5,2260,2.745
1832,500,0,0,35.66244,24.419235,5,2278,2.7994
1833,500,0,0,35.671814,24.452602,5,2262,2.6655
1834,500,0,0,35.682625,24.485939,5,2232,2.7507
1835,499,0,1,35.76295,24.526306,5,2257,3.424
1836,500,1,0,35.683365,24.510513,5,2272,2.8434
1837,500,0,0,35.693977,24.543842,5,2300,2.7923
1838,499,0,1,35.708168,24.544182,5,2316,3.1478
1839,499,1,1,35.70382,24.495089,5,2300,3.1523
1840,498,1,2,35.768948,24.371754,5,2269,2.8015
1841,500,2,0,35.60022,24.307491,5,2304,2.8095
1842,500,0,0,35.60707,24.340805,5,2302,3.2769
1843,500,0,0,35.615063,24.374119,5,2316,3.3123
1844,500,0,0,35.620766,24.407434,5,2314,3.2832
1845,500,0,0,35.624054,24.440758,5,2294,2.6416
1846,500,0,0,35.627144,24.474083,5,2298,3.0912
1847,500,0,0,35.629944,24.507433,5,2272,2.7106
1848,500,0,0,35.633045,24.540802,5,2286,2.7092
1849,500,0,0,35.636494,24.574146,5,2268,3.0906
1850,500,0,0,35.63829,24.60746,5,2234,2.647
1851,500,0,0,35.637676,24.640776,5,2198,3.1895
1852,500,0,0,35.638065,24.674105,5,2194,3.4118
1853,500,0,0,35.63907,24.707432,5,2206,2.9
1854,500,0,0,35.641685,24.740767,5,2202,2.9369
1855,500,0,0,35.642414,24.774128,5,2192,2.7841
1856,500,0,0,35.646328,24.807487,5,2216,2.7325
1857,500,0,0,35.647804,24.840792,5,2202,2.5361
1858,500,0,0,35.649235,24.874098,5,2218,2.7096
1859,500,0,0,35.650715,24.907421,5,2208,2.6709
1860,500,0,0,35.653755,24.94075,5,2226,2.7434
1861,500,0,0,35.66007,24.974077,5,2268,2.6477
1862,500,0,0,35.66662,25.00743,5,2276,3.6434
1863,500,0,0,35.672592,25.040798,5,2252,3.8812
1864,499,0,1,35.55357,25.040354,5,2241,2.6561
1865,500,1,0,35.468746,25.023518,5,2236,2.7428
1866,500,0,0,35.47209,25.056843,5,2266,2.6529
1867,500,0,0,35.475773,25.090174,5,2276,2.5398
1868,500,0,0,35.47974,25.123499,5,2302,2.9493
1869,500,0,0,35.48593,25.15684,5,2292,2.8961
1870,500,0,0,35.487946,25.190195,5,2294,2.8939
1871,500,0,0,35.49063,25.223555,5,2266,2.8731
1872,500,0,0,35.495647,25.256851,5,2274,3.3493
1873,500,0,0,35.50059,25.290155,5,2280,2.6748
1874,499,0,1,35.57861,25.290335,5,2279,2.9984
1875,498,1,2,35.634605,25.204096,5,2280,2.5115
1876,499,2,1,35.54174,25.101948,5,2287,2.4708
1877,498,1,2,35.599384,25.015285,5,2307,3.1107
1878,499,2,1,35.507347,24.91342,5,2332,2.4929
1879,500,1,0,35.429382,24.896877,5,2338,2.4993
1880,499,0,1,35.385464,24.934662,5,2306,3.0781
1881,498,1,2,35.44867,24.847038,5,2299,2.4419
1882,500,2,0,35.279995,24.780834,5,2284,3.0472
1883,500,0,0,35.286797,24.814165,5,2314,2.7976
1884,499,0,1,35.361084,24.812069,5,2340,2.9559
1885,500,1,0,35.27649,24.795736,5,2376,2.6115
1886,499,0,1,35.348747,24.864153,5,2415,2.4736
1887,500,1,0,35.26317,24.847662,5,2388,2.5225
1888,500,0,0,35.263203,24.88097,5,2390,2.432
1889,500,0,0,35.260994,24.914286,5,2406,2.7891
1890,500,0,0,35.25955,24.947605,5,2426,3.215
1891,500,0,0,35.260494,24.980942,5,2428,2.9229
1892,500,0,0,35.264496,25.014292,5,2418,3.0627
1893,500,0,0,35.268913,25.047659,5,2432,2.4509
1894,500,0,0,35.272198,25.08101,5,2464,2.4402
1895,500,0,0,35.274647,25.114326,5,2406,3.5843
1896,500,0,0,35.277546,25.147642,5,2420,2.4747
1897,500,0,0,35.281307,25.180971,5,2422,2.6001
1898,500,0,0,35.28178,25.2143,5,2394,2.4184
1899,500,0,0,35.28338,25.247646,5,2386,2.4515
1900,499,0,1,35.20671,25.24783,5,2403,2.5416
1901,500,1,0,35.1216,25.230627,5,2414,3.3148
1902,499,0,1,35.17502,25.227917,5,2399,3.2869
1903,500,1,0,35.092922,25.210701,5,2386,2.7904
1904,500,0,0,35.09505,25.244015,5,2380,3.0634
1905,499,0,1,35.09579,25.281305,5,2365,3.1788
1906,499,1,1,35.085964,25.227526,5,2354,3.0551
1907,498,1,2,35.09124,25.186823,5,2316,2.7711
1908,498,2,2,35.066147,25.045694,5,2291,2.4362
1909,500,2,0,34.89704,24.978727,5,2292,2.5066
1910,500,0,0,34.896248,25.012056,5,2300,2.604
1911,500,0,0,34.89253,25.045382,5,2318,2.4228
1912,499,0,1,34.962204,25.081736,5,2327,2.5701
1913,500,1,0,34.877636,25.064837,5,2300,2.5357
1914,500,0,0,34.87966,25.098186,5,2264,2.4388
1915,500,0,0,34.882534,25.13153,5,2254,2.7453
1916,500,0,0,34.884983,25.164892,5,2256,2.6499
1917,500,0,0,34.88724,25.19819,5,2264,2.4838
1918,500,0,0,34.892513,25.231506,5,2242,2.8877
1919,499,0,1,34.85478,25.267555,5,2234,2.4949
1920,498,1,2,34.91947,25.175104,5,2211,2.496
1921,499,2,1,34.825615,25.070143,5,2181,2.3999
1922,499,1,1,34.819504,25.015175,5,2189,2.4957
1923,499,1,1,34.811165,24.920017,5,2227,2.4589
1924,500,1,0,34.728966,24.903461,5,2220,2.8662
1925,500,0,0,34.731174,24.936785,5,2222,3.5011
1926,500,0,0,34.736404,24.970123,5,2216,2.5115
1927,499,0,1,34.796383,24.965298,5,2212,3.1944
1928,500,1,0,34.715187,24.94863,5,2180,3.905
1929,499,0,1,34.78843,24.983486,5,2198,3.8552
1930,498,1,2,34.847195,24.889359,5,2195,3.4969
1931,500,2,0,34.678257,24.823027,5,2222,2.6559
1932,500,0,0,34.682484,24.856329,5,2246,3.4935
1933,500,0,0,34.686733,24.88965,5,2220,2.86
1934,499,0,1,34.73679,24.883942,5,2239,2.5504
1935,499,1,1,34.71851,24.868355,5,2275,2.5194
1936,499,1,1,34.709454,24.812824,5,2302,2.8535
1937,499,1,1,34.583553,24.760462,5,2338,3.0171
1938,499,1,1,34.575264,24.704855,5,2334,2.5099
1939,499,1,1,34.569572,24.64923,5,2284,2.536
1940,500,1,0,34.49401,24.633192,5,2284,2.4349
1941,499,0,1,34.571964,24.666855,5,2311,2.4749
1942,500,1,0,34.49121,24.65078,5,2324,2.6329
1943,500,0,0,34.49537,24.684086,5,2364,2.6554
1944,500,0,0,34.498875,24.7174,5,2348,3.0144
1945,500,0,0,34.503677,24.750753,5,2374,2.4423
1946,500,0,0,34.51127,24.784111,5,2364,2.5094
1947,500,0,0,34.516205,24.817457,5,2370,2.6981
1948,500,0,0,34.520992,24.850784,5,2326,2.4544
1949,500,0,0,34.525402,24.884113,5,2336,2.6858
1950,500,0,0,34.528625,24.917416,5,2326,2.5539
1951,500,0,0,34.53287,24.950731,5,2356,2.4921
1952,500,0,0,34.538498,24.984074,5,2356,2.6752
1953,499,0,1,34.59199,25.054888,5,2336,2.5177
1954,499,1,1,34.582436,24.99819,5,2305,2.5537
1955,499,1,1,34.57301,24.941404,5,2337,2.6651
1956,500,1,0,34.49663,24.92478,5,2342,3.175
1957,500,0,0,34.508484,24.958107,5,2346,3.1288
1958,500,0,0,34.51935,24.991411,5,2354,2.477
1959,499,0,1,34.559658,25.049765,5,2343,2.5325
1960,500,1,0,34.482735,25.032953,5,2306,2.588
1961,500,0,0,34.4885,25.066309,5,2316,2.4624
1962,499,0,1,34.567474,25.059305,5,2328,3.3585
1963,499,1,1,34.563885,25.002052,5,2295,2.4335
1964,498,1,2,34.624786,24.944027,5,2264,2.4978
1965,500,2,0,34.463505,24.877422,5,2248,2.5713
1966,500,0,0,34.473175,24.910727,5,2282,2.587
1967,500,0,0,34.481075,24.944073,5,2266,2.488
1968,500,0,0,34.489544,24.977448,5,2298,2.5554
1969,500,0,0,34.498394,25.0108,5,2314,2.4319
1970,500,0,0,34.506706,25.044123,5,2314,2.6458
1971,499,0,1,34.585876,25.036186,5,2290,2.4358
1972,499,1,1,34.58246,24.97807,5,2282,2.4579
1973,499,1,1,34.577972,24.919792,5,2297,2.6778
1974,500,1,0,34.500282,24.90319,5,2278,2.671
1975,500,0,0,34.506134,24.93655,5,2276,2.5315
1976,500,0,0,34.51476,24.969908,5,2292,2.67
1977,498,0,2,34.588753,24.96525,5,2270,2.4154
1978,500,2,0,34.425835,24.898586,5,2240,2.568
1979,500,0,0,34.43199,24.931921,5,2242,2.5415
1980,500,0,0,34.435184,24.96523,5,2268,2.4551
1981,500,0,0,34.44057,24.998524,5,2284,2.6361
1982,500,0,0,34.44583,25.031876,5,2244,2.4532
1983,500,0,0,34.452705,25.065248,5,2260,2.5056
1984,500,0,0,34.458736,25.0986,5,2280,2.4552
1985,499,0,1,34.484524,25.180616,5,2255,2.4676
1986,500,1,0,34.40128,25.163504,5,2240,2.6339
1987,500,0,0,34.403847,25.196829,5,2234,2.5189
1988,500,0,0,34.40726,25.230137,5,2246,2.7084
1989,500,0,0,34.412624,25.263443,5,2246,2.7638
1990,500,0,0,34.418236,25.296804,5,2242,2.4522
1991,500,0,0,34.423306,25.330173,5,2246,2.5335
1992,499,0,1,34.46974,25.381687,5,2274,2.4898
1993,500,1,0,34.391647,25.364183,5,2246,2.4635
1994,500,0,0,34.401688,25.397512,5,2232,3.0321
1995,499,0,1,34.42456,25.39281,5,2227,2.4232
1996,500,1,0,34.34637,25.375254,5,2224,2.443
1997,500,0,0,34.351383,25.408611,5,2226,2.6237
1998,500,0,0,34.35615,25.441982,5,2230,2.4276
1999,500,0,0,34.361942,25.475334,5,2246,2.4778
